areaType,areaName,areaCode,date,newDailyNsoDeathsByDeathDate,cumDailyNsoDeathsByDeathDate
nation,England,E92000001,2020-01-30,1,1
nation,England,E92000001,2020-01-31,0,1
nation,England,E92000001,2020-02-01,0,1
nation,England,E92000001,2020-02-02,1,2
nation,England,E92000001,2020-02-03,0,2
nation,England,E92000001,2020-02-04,0,2
nation,England,E92000001,2020-02-05,0,2
nation,England,E92000001,2020-02-06,0,2
nation,England,E92000001,2020-02-07,0,2
nation,England,E92000001,2020-02-08,0,2
nation,England,E92000001,2020-02-09,0,2
nation,England,E92000001,2020-02-10,0,2
nation,England,E92000001,2020-02-11,0,2
nation,England,E92000001,2020-02-12,0,2
nation,England,E92000001,2020-02-13,0,2
nation,England,E92000001,2020-02-14,0,2
nation,England,E92000001,2020-02-15,0,2
nation,England,E92000001,2020-02-16,0,2
nation,England,E92000001,2020-02-17,0,2
nation,England,E92000001,2020-02-18,0,2
nation,England,E92000001,2020-02-19,0,2
nation,England,E92000001,2020-02-20,0,2
nation,England,E92000001,2020-02-21,0,2
nation,England,E92000001,2020-02-22,1,3
nation,England,E92000001,2020-02-23,0,3
nation,England,E92000001,2020-02-24,0,3
nation,England,E92000001,2020-02-25,0,3
nation,England,E92000001,2020-02-26,0,3
nation,England,E92000001,2020-02-27,0,3
nation,England,E92000001,2020-02-28,0,3
nation,England,E92000001,2020-02-29,0,3
nation,England,E92000001,2020-03-01,0,3
nation,England,E92000001,2020-03-02,1,4
nation,England,E92000001,2020-03-03,0,4
nation,England,E92000001,2020-03-04,1,5
nation,England,E92000001,2020-03-05,2,7
nation,England,E92000001,2020-03-06,2,9
nation,England,E92000001,2020-03-07,0,9
nation,England,E92000001,2020-03-08,2,11
nation,England,E92000001,2020-03-09,5,16
nation,England,E92000001,2020-03-10,3,19
nation,England,E92000001,2020-03-11,7,26
nation,England,E92000001,2020-03-12,11,37
nation,England,E92000001,2020-03-13,16,53
nation,England,E92000001,2020-03-14,19,72
nation,England,E92000001,2020-03-15,28,100
nation,England,E92000001,2020-03-16,44,144
nation,England,E92000001,2020-03-17,54,198
nation,England,E92000001,2020-03-18,66,264
nation,England,E92000001,2020-03-19,71,335
nation,England,E92000001,2020-03-20,109,444
nation,England,E92000001,2020-03-21,126,570
nation,England,E92000001,2020-03-22,172,742
nation,England,E92000001,2020-03-23,188,930
nation,England,E92000001,2020-03-24,237,1167
nation,England,E92000001,2020-03-25,299,1466
nation,England,E92000001,2020-03-26,370,1836
nation,England,E92000001,2020-03-27,416,2252
nation,England,E92000001,2020-03-28,449,2701
nation,England,E92000001,2020-03-29,531,3232
nation,England,E92000001,2020-03-30,631,3863
nation,England,E92000001,2020-03-31,741,4604
nation,England,E92000001,2020-04-01,826,5430
nation,England,E92000001,2020-04-02,892,6322
nation,England,E92000001,2020-04-03,927,7249
nation,England,E92000001,2020-04-04,1023,8272
nation,England,E92000001,2020-04-05,1063,9335
nation,England,E92000001,2020-04-06,1025,10360
nation,England,E92000001,2020-04-07,1145,11505
nation,England,E92000001,2020-04-08,1286,12791
nation,England,E92000001,2020-04-09,1177,13968
nation,England,E92000001,2020-04-10,1163,15131
nation,England,E92000001,2020-04-11,1203,16334
nation,England,E92000001,2020-04-12,1208,17542
nation,England,E92000001,2020-04-13,1076,18618
nation,England,E92000001,2020-04-14,1080,19698
nation,England,E92000001,2020-04-15,1100,20798
nation,England,E92000001,2020-04-16,1147,21945
nation,England,E92000001,2020-04-17,1107,23052
nation,England,E92000001,2020-04-18,1030,24082
nation,England,E92000001,2020-04-19,967,25049
nation,England,E92000001,2020-04-20,992,26041
nation,England,E92000001,2020-04-21,916,26957
nation,England,E92000001,2020-04-22,939,27896
nation,England,E92000001,2020-04-23,893,28789
nation,England,E92000001,2020-04-24,874,29663
nation,England,E92000001,2020-04-25,771,30434
nation,England,E92000001,2020-04-26,763,31197
nation,England,E92000001,2020-04-27,724,31921
nation,England,E92000001,2020-04-28,701,32622
nation,England,E92000001,2020-04-29,699,33321
nation,England,E92000001,2020-04-30,660,33981
nation,England,E92000001,2020-05-01,661,34642
nation,England,E92000001,2020-05-02,590,35232
nation,England,E92000001,2020-05-03,556,35788
nation,England,E92000001,2020-05-04,562,36350
nation,England,E92000001,2020-05-05,537,36887
nation,England,E92000001,2020-05-06,524,37411
nation,England,E92000001,2020-05-07,535,37946
nation,England,E92000001,2020-05-08,482,38428
nation,England,E92000001,2020-05-09,463,38891
nation,England,E92000001,2020-05-10,423,39314
nation,England,E92000001,2020-05-11,355,39669
nation,England,E92000001,2020-05-12,380,40049
nation,England,E92000001,2020-05-13,373,40422
nation,England,E92000001,2020-05-14,373,40795
nation,England,E92000001,2020-05-15,359,41154
nation,England,E92000001,2020-05-16,351,41505
nation,England,E92000001,2020-05-17,316,41821
nation,England,E92000001,2020-05-18,344,42165
nation,England,E92000001,2020-05-19,316,42481
nation,England,E92000001,2020-05-20,303,42784
nation,England,E92000001,2020-05-21,286,43070
nation,England,E92000001,2020-05-22,256,43326
nation,England,E92000001,2020-05-23,255,43581
nation,England,E92000001,2020-05-24,234,43815
nation,England,E92000001,2020-05-25,240,44055
nation,England,E92000001,2020-05-26,260,44315
nation,England,E92000001,2020-05-27,233,44548
nation,England,E92000001,2020-05-28,241,44789
nation,England,E92000001,2020-05-29,216,45005
nation,England,E92000001,2020-05-30,188,45193
nation,England,E92000001,2020-05-31,175,45368
nation,England,E92000001,2020-06-01,179,45547
nation,England,E92000001,2020-06-02,204,45751
nation,England,E92000001,2020-06-03,179,45930
nation,England,E92000001,2020-06-04,163,46093
nation,England,E92000001,2020-06-05,160,46253
nation,England,E92000001,2020-06-06,129,46382
nation,England,E92000001,2020-06-07,137,46519
nation,England,E92000001,2020-06-08,142,46661
nation,England,E92000001,2020-06-09,127,46788
nation,England,E92000001,2020-06-10,142,46930
nation,England,E92000001,2020-06-11,108,47038
nation,England,E92000001,2020-06-12,122,47160
nation,England,E92000001,2020-06-13,85,47245
nation,England,E92000001,2020-06-14,119,47364
nation,England,E92000001,2020-06-15,92,47456
nation,England,E92000001,2020-06-16,103,47559
nation,England,E92000001,2020-06-17,91,47650
nation,England,E92000001,2020-06-18,79,47729
nation,England,E92000001,2020-06-19,76,47805
nation,England,E92000001,2020-06-20,76,47881
nation,England,E92000001,2020-06-21,67,47948
nation,England,E92000001,2020-06-22,74,48022
nation,England,E92000001,2020-06-23,89,48111
nation,England,E92000001,2020-06-24,93,48204
nation,England,E92000001,2020-06-25,97,48301
nation,England,E92000001,2020-06-26,70,48371
nation,England,E92000001,2020-06-27,61,48432
nation,England,E92000001,2020-06-28,62,48494
nation,England,E92000001,2020-06-29,63,48557
nation,England,E92000001,2020-06-30,71,48628
nation,England,E92000001,2020-07-01,44,48672
nation,England,E92000001,2020-07-02,55,48727
nation,England,E92000001,2020-07-03,45,48772
nation,England,E92000001,2020-07-04,46,48818
nation,England,E92000001,2020-07-05,44,48862
nation,England,E92000001,2020-07-06,48,48910
nation,England,E92000001,2020-07-07,41,48951
nation,England,E92000001,2020-07-08,44,48995
nation,England,E92000001,2020-07-09,56,49051
nation,England,E92000001,2020-07-10,42,49093
nation,England,E92000001,2020-07-11,33,49126
nation,England,E92000001,2020-07-12,29,49155
nation,England,E92000001,2020-07-13,42,49197
nation,England,E92000001,2020-07-14,38,49235
nation,England,E92000001,2020-07-15,39,49274
nation,England,E92000001,2020-07-16,18,49292
nation,England,E92000001,2020-07-17,31,49323
nation,England,E92000001,2020-07-18,28,49351
nation,England,E92000001,2020-07-19,22,49373
nation,England,E92000001,2020-07-20,29,49402
nation,England,E92000001,2020-07-21,30,49432
nation,England,E92000001,2020-07-22,34,49466
nation,England,E92000001,2020-07-23,33,49499
nation,England,E92000001,2020-07-24,17,49516
nation,England,E92000001,2020-07-25,20,49536
nation,England,E92000001,2020-07-26,28,49564
nation,England,E92000001,2020-07-27,16,49580
nation,England,E92000001,2020-07-28,20,49600
nation,England,E92000001,2020-07-29,21,49621
nation,England,E92000001,2020-07-30,14,49635
nation,England,E92000001,2020-07-31,26,49661
nation,England,E92000001,2020-08-01,16,49677
nation,England,E92000001,2020-08-02,15,49692
nation,England,E92000001,2020-08-03,19,49711
nation,England,E92000001,2020-08-04,20,49731
nation,England,E92000001,2020-08-05,7,49738
nation,England,E92000001,2020-08-06,17,49755
nation,England,E92000001,2020-08-07,19,49774
nation,England,E92000001,2020-08-08,18,49792
nation,England,E92000001,2020-08-09,18,49810
nation,England,E92000001,2020-08-10,23,49833
nation,England,E92000001,2020-08-11,20,49853
nation,England,E92000001,2020-08-12,20,49873
nation,England,E92000001,2020-08-13,18,49891
nation,England,E92000001,2020-08-14,15,49906
nation,England,E92000001,2020-08-15,21,49927
nation,England,E92000001,2020-08-16,12,49939
nation,England,E92000001,2020-08-17,19,49958
nation,England,E92000001,2020-08-18,11,49969
nation,England,E92000001,2020-08-19,10,49979
nation,England,E92000001,2020-08-20,16,49995
nation,England,E92000001,2020-08-21,9,50004
nation,England,E92000001,2020-08-22,11,50015
nation,England,E92000001,2020-08-23,16,50031
nation,England,E92000001,2020-08-24,8,50039
nation,England,E92000001,2020-08-25,19,50058
nation,England,E92000001,2020-08-26,15,50073
nation,England,E92000001,2020-08-27,11,50084
nation,England,E92000001,2020-08-28,11,50095
nation,England,E92000001,2020-08-29,8,50103
nation,England,E92000001,2020-08-30,8,50111
nation,England,E92000001,2020-08-31,16,50127
nation,England,E92000001,2020-09-01,9,50136
nation,England,E92000001,2020-09-02,13,50149
nation,England,E92000001,2020-09-03,6,50155
nation,England,E92000001,2020-09-04,14,50169
nation,England,E92000001,2020-09-05,12,50181
nation,England,E92000001,2020-09-06,13,50194
nation,England,E92000001,2020-09-07,20,50214
nation,England,E92000001,2020-09-08,15,50229
nation,England,E92000001,2020-09-09,10,50239
nation,England,E92000001,2020-09-10,15,50254
nation,England,E92000001,2020-09-11,15,50269
nation,England,E92000001,2020-09-12,21,50290
nation,England,E92000001,2020-09-13,18,50308
nation,England,E92000001,2020-09-14,17,50325
nation,England,E92000001,2020-09-15,22,50347
nation,England,E92000001,2020-09-16,25,50372
nation,England,E92000001,2020-09-17,34,50406
nation,England,E92000001,2020-09-18,25,50431
nation,England,E92000001,2020-09-19,22,50453
nation,England,E92000001,2020-09-20,34,50487
nation,England,E92000001,2020-09-21,26,50513
nation,England,E92000001,2020-09-22,32,50545
nation,England,E92000001,2020-09-23,52,50597
nation,England,E92000001,2020-09-24,33,50630
nation,England,E92000001,2020-09-25,35,50665
nation,England,E92000001,2020-09-26,43,50708
nation,England,E92000001,2020-09-27,49,50757
nation,England,E92000001,2020-09-28,47,50804
nation,England,E92000001,2020-09-29,42,50846
nation,England,E92000001,2020-09-30,53,50899
nation,England,E92000001,2020-10-01,56,50955
nation,England,E92000001,2020-10-02,69,51024
nation,England,E92000001,2020-10-03,56,51080
nation,England,E92000001,2020-10-04,55,51135
nation,England,E92000001,2020-10-05,54,51189
nation,England,E92000001,2020-10-06,69,51258
nation,England,E92000001,2020-10-07,88,51346
nation,England,E92000001,2020-10-08,80,51426
nation,England,E92000001,2020-10-09,82,51508
nation,England,E92000001,2020-10-10,87,51595
nation,England,E92000001,2020-10-11,106,51701
nation,England,E92000001,2020-10-12,94,51795
nation,England,E92000001,2020-10-13,94,51889
nation,England,E92000001,2020-10-14,104,51993
nation,England,E92000001,2020-10-15,124,52117
nation,England,E92000001,2020-10-16,125,52242
nation,England,E92000001,2020-10-17,168,52410
nation,England,E92000001,2020-10-18,124,52534
nation,England,E92000001,2020-10-19,155,52689
nation,England,E92000001,2020-10-20,177,52866
nation,England,E92000001,2020-10-21,196,53062
nation,England,E92000001,2020-10-22,186,53248
nation,England,E92000001,2020-10-23,183,53431
nation,England,E92000001,2020-10-24,174,53605
nation,England,E92000001,2020-10-25,207,53812
nation,England,E92000001,2020-10-26,218,54030
nation,England,E92000001,2020-10-27,226,54256
nation,England,E92000001,2020-10-28,228,54484
nation,England,E92000001,2020-10-29,253,54737
nation,England,E92000001,2020-10-30,284,55021
nation,England,E92000001,2020-10-31,277,55298
nation,England,E92000001,2020-11-01,283,55581
nation,England,E92000001,2020-11-02,279,55860
nation,England,E92000001,2020-11-03,304,56164
nation,England,E92000001,2020-11-04,283,56447
nation,England,E92000001,2020-11-05,300,56747
nation,England,E92000001,2020-11-06,339,57086
nation,England,E92000001,2020-11-07,348,57434
nation,England,E92000001,2020-11-08,347,57781
nation,England,E92000001,2020-11-09,404,58185
nation,England,E92000001,2020-11-10,329,58514
nation,England,E92000001,2020-11-11,317,58831
nation,England,E92000001,2020-11-12,357,59188
nation,England,E92000001,2020-11-13,352,59540
nation,England,E92000001,2020-11-14,367,59907
nation,England,E92000001,2020-11-15,375,60282
nation,England,E92000001,2020-11-16,362,60644
nation,England,E92000001,2020-11-17,378,61022
nation,England,E92000001,2020-11-18,444,61466
nation,England,E92000001,2020-11-19,407,61873
nation,England,E92000001,2020-11-20,407,62280
nation,England,E92000001,2020-11-21,413,62693
nation,England,E92000001,2020-11-22,420,63113
nation,England,E92000001,2020-11-23,429,63542
nation,England,E92000001,2020-11-24,423,63965
nation,England,E92000001,2020-11-25,436,64401
nation,England,E92000001,2020-11-26,380,64781
nation,England,E92000001,2020-11-27,387,65168
nation,England,E92000001,2020-11-28,389,65557
nation,England,E92000001,2020-11-29,423,65980
nation,England,E92000001,2020-11-30,385,66365
nation,England,E92000001,2020-12-01,359,66724
nation,England,E92000001,2020-12-02,348,67072
nation,England,E92000001,2020-12-03,410,67482
nation,England,E92000001,2020-12-04,420,67902
nation,England,E92000001,2020-12-05,345,68247
nation,England,E92000001,2020-12-06,363,68610
nation,England,E92000001,2020-12-07,379,68989
nation,England,E92000001,2020-12-08,398,69387
nation,England,E92000001,2020-12-09,381,69768
nation,England,E92000001,2020-12-10,407,70175
nation,England,E92000001,2020-12-11,424,70599
nation,England,E92000001,2020-12-12,411,71010
nation,England,E92000001,2020-12-13,410,71420
nation,England,E92000001,2020-12-14,422,71842
nation,England,E92000001,2020-12-15,408,72250
nation,England,E92000001,2020-12-16,386,72636
nation,England,E92000001,2020-12-17,463,73099
nation,England,E92000001,2020-12-18,478,73577
nation,England,E92000001,2020-12-19,457,74034
nation,England,E92000001,2020-12-20,455,74489
nation,England,E92000001,2020-12-21,506,74995
nation,England,E92000001,2020-12-22,539,75534
nation,England,E92000001,2020-12-23,519,76053
nation,England,E92000001,2020-12-24,503,76556
nation,England,E92000001,2020-12-25,558,77114
nation,England,E92000001,2020-12-26,593,77707
nation,England,E92000001,2020-12-27,612,78319
nation,England,E92000001,2020-12-28,615,78934
nation,England,E92000001,2020-12-29,614,79548
nation,England,E92000001,2020-12-30,655,80203
nation,England,E92000001,2020-12-31,701,80904
nation,England,E92000001,2021-01-01,689,81593
nation,England,E92000001,2021-01-02,726,82319
nation,England,E92000001,2021-01-03,684,83003
nation,England,E92000001,2021-01-04,790,83793
nation,England,E92000001,2021-01-05,856,84649
nation,England,E92000001,2021-01-06,882,85531
nation,England,E92000001,2021-01-07,918,86449
nation,England,E92000001,2021-01-08,922,87371
nation,England,E92000001,2021-01-09,976,88347
nation,England,E92000001,2021-01-10,1030,89377
nation,England,E92000001,2021-01-11,1076,90453
nation,England,E92000001,2021-01-12,1173,91626
nation,England,E92000001,2021-01-13,1161,92787
nation,England,E92000001,2021-01-14,1167,93954
nation,England,E92000001,2021-01-15,1162,95116
nation,England,E92000001,2021-01-16,1241,96357
nation,England,E92000001,2021-01-17,1229,97586
nation,England,E92000001,2021-01-18,1242,98828
nation,England,E92000001,2021-01-19,1328,100156
nation,England,E92000001,2021-01-20,1237,101393
nation,England,E92000001,2021-01-21,1204,102597
nation,England,E92000001,2021-01-22,1189,103786
nation,England,E92000001,2021-01-23,1148,104934
nation,England,E92000001,2021-01-24,1086,106020
nation,England,E92000001,2021-01-25,1150,107170
nation,England,E92000001,2021-01-26,1046,108216
nation,England,E92000001,2021-01-27,1108,109324
nation,England,E92000001,2021-01-28,1110,110434
nation,England,E92000001,2021-01-29,1008,111442
nation,England,E92000001,2021-01-30,924,112366
nation,England,E92000001,2021-01-31,899,113265
nation,England,E92000001,2021-02-01,893,114158
nation,England,E92000001,2021-02-02,854,115012
nation,England,E92000001,2021-02-03,872,115884
nation,England,E92000001,2021-02-04,735,116619
nation,England,E92000001,2021-02-05,771,117390
nation,England,E92000001,2021-02-06,686,118076
nation,England,E92000001,2021-02-07,665,118741
nation,England,E92000001,2021-02-08,702,119443
nation,England,E92000001,2021-02-09,628,120071
nation,England,E92000001,2021-02-10,629,120700
nation,England,E92000001,2021-02-11,590,121290
nation,England,E92000001,2021-02-12,546,121836
nation,England,E92000001,2021-02-13,512,122348
nation,England,E92000001,2021-02-14,520,122868
nation,England,E92000001,2021-02-15,549,123417
nation,England,E92000001,2021-02-16,501,123918
nation,England,E92000001,2021-02-17,438,124356
nation,England,E92000001,2021-02-18,454,124810
nation,England,E92000001,2021-02-19,390,125200
nation,England,E92000001,2021-02-20,388,125588
nation,England,E92000001,2021-02-21,355,125943
nation,England,E92000001,2021-02-22,325,126268
nation,England,E92000001,2021-02-23,336,126604
nation,England,E92000001,2021-02-24,317,126921
nation,England,E92000001,2021-02-25,308,127229
nation,England,E92000001,2021-02-26,262,127491
nation,England,E92000001,2021-02-27,265,127756
nation,England,E92000001,2021-02-28,257,128013
nation,England,E92000001,2021-03-01,254,128267
nation,England,E92000001,2021-03-02,210,128477
nation,England,E92000001,2021-03-03,188,128665
nation,England,E92000001,2021-03-04,204,128869
nation,England,E92000001,2021-03-05,203,129072
nation,England,E92000001,2021-03-06,178,129250
nation,England,E92000001,2021-03-07,175,129425
nation,England,E92000001,2021-03-08,165,129590
nation,England,E92000001,2021-03-09,160,129750
nation,England,E92000001,2021-03-10,136,129886
nation,England,E92000001,2021-03-11,152,130038
nation,England,E92000001,2021-03-12,117,130155
nation,England,E92000001,2021-03-13,123,130278
nation,England,E92000001,2021-03-14,115,130393
nation,England,E92000001,2021-03-15,122,130515
nation,England,E92000001,2021-03-16,94,130609
nation,England,E92000001,2021-03-17,104,130713
nation,England,E92000001,2021-03-18,85,130798
nation,England,E92000001,2021-03-19,82,130880
nation,England,E92000001,2021-03-20,89,130969
nation,England,E92000001,2021-03-21,109,131078
nation,England,E92000001,2021-03-22,89,131167
nation,England,E92000001,2021-03-23,83,131250
nation,England,E92000001,2021-03-24,58,131308
nation,England,E92000001,2021-03-25,68,131376
nation,England,E92000001,2021-03-26,61,131437
nation,England,E92000001,2021-03-27,55,131492
nation,England,E92000001,2021-03-28,43,131535
nation,England,E92000001,2021-03-29,58,131593
nation,England,E92000001,2021-03-30,50,131643
nation,England,E92000001,2021-03-31,64,131707
nation,England,E92000001,2021-04-01,54,131761
nation,England,E92000001,2021-04-02,38,131799
nation,England,E92000001,2021-04-03,34,131833
nation,England,E92000001,2021-04-04,51,131884
nation,England,E92000001,2021-04-05,35,131919
nation,England,E92000001,2021-04-06,37,131956
nation,England,E92000001,2021-04-07,38,131994
nation,England,E92000001,2021-04-08,52,132046
nation,England,E92000001,2021-04-09,32,132078
nation,England,E92000001,2021-04-10,36,132114
nation,England,E92000001,2021-04-11,34,132148
nation,England,E92000001,2021-04-12,36,132184
nation,England,E92000001,2021-04-13,37,132221
nation,England,E92000001,2021-04-14,26,132247
nation,England,E92000001,2021-04-15,37,132284
nation,England,E92000001,2021-04-16,28,132312
nation,England,E92000001,2021-04-17,36,132348
nation,England,E92000001,2021-04-18,27,132375
nation,England,E92000001,2021-04-19,17,132392
nation,England,E92000001,2021-04-20,30,132422
nation,England,E92000001,2021-04-21,26,132448
nation,England,E92000001,2021-04-22,28,132476
nation,England,E92000001,2021-04-23,23,132499
nation,England,E92000001,2021-04-24,19,132518
nation,England,E92000001,2021-04-25,22,132540
nation,England,E92000001,2021-04-26,19,132559
nation,England,E92000001,2021-04-27,23,132582
nation,England,E92000001,2021-04-28,19,132601
nation,England,E92000001,2021-04-29,15,132616
nation,England,E92000001,2021-04-30,16,132632
nation,England,E92000001,2021-05-01,14,132646
nation,England,E92000001,2021-05-02,16,132662
nation,England,E92000001,2021-05-03,17,132679
nation,England,E92000001,2021-05-04,14,132693
nation,England,E92000001,2021-05-05,20,132713
nation,England,E92000001,2021-05-06,14,132727
nation,England,E92000001,2021-05-07,16,132743
nation,England,E92000001,2021-05-08,17,132760
nation,England,E92000001,2021-05-09,11,132771
nation,England,E92000001,2021-05-10,7,132778
nation,England,E92000001,2021-05-11,19,132797
nation,England,E92000001,2021-05-12,13,132810
nation,England,E92000001,2021-05-13,10,132820
nation,England,E92000001,2021-05-14,9,132829
nation,England,E92000001,2021-05-15,13,132842
nation,England,E92000001,2021-05-16,10,132852
nation,England,E92000001,2021-05-17,11,132863
nation,England,E92000001,2021-05-18,9,132872
nation,England,E92000001,2021-05-19,3,132875
nation,England,E92000001,2021-05-20,6,132881
nation,England,E92000001,2021-05-21,16,132897
nation,England,E92000001,2021-05-22,3,132900
nation,England,E92000001,2021-05-23,14,132914
nation,England,E92000001,2021-05-24,13,132927
nation,England,E92000001,2021-05-25,8,132935
nation,England,E92000001,2021-05-26,12,132947
nation,England,E92000001,2021-05-27,8,132955
nation,England,E92000001,2021-05-28,12,132967
nation,England,E92000001,2021-05-29,9,132976
nation,England,E92000001,2021-05-30,8,132984
nation,England,E92000001,2021-05-31,10,132994
nation,England,E92000001,2021-06-01,9,133003
nation,England,E92000001,2021-06-02,10,133013
nation,England,E92000001,2021-06-03,14,133027
nation,England,E92000001,2021-06-04,13,133040
nation,England,E92000001,2021-06-05,5,133045
nation,England,E92000001,2021-06-06,12,133057
nation,England,E92000001,2021-06-07,5,133062
nation,England,E92000001,2021-06-08,13,133075
nation,England,E92000001,2021-06-09,14,133089
nation,England,E92000001,2021-06-10,16,133105
nation,England,E92000001,2021-06-11,11,133116
nation,England,E92000001,2021-06-12,11,133127
nation,England,E92000001,2021-06-13,9,133136
nation,England,E92000001,2021-06-14,12,133148
nation,England,E92000001,2021-06-15,15,133163
nation,England,E92000001,2021-06-16,15,133178
nation,England,E92000001,2021-06-17,7,133185
nation,England,E92000001,2021-06-18,14,133199
nation,England,E92000001,2021-06-19,17,133216
nation,England,E92000001,2021-06-20,20,133236
nation,England,E92000001,2021-06-21,12,133248
nation,England,E92000001,2021-06-22,13,133261
nation,England,E92000001,2021-06-23,6,133267
nation,England,E92000001,2021-06-24,23,133290
nation,England,E92000001,2021-06-25,21,133311
nation,England,E92000001,2021-06-26,10,133321
nation,England,E92000001,2021-06-27,20,133341
nation,England,E92000001,2021-06-28,13,133354
nation,England,E92000001,2021-06-29,21,133375
nation,England,E92000001,2021-06-30,23,133398
nation,England,E92000001,2021-07-01,25,133423
nation,England,E92000001,2021-07-02,26,133449
nation,England,E92000001,2021-07-03,27,133476
nation,England,E92000001,2021-07-04,24,133500
nation,England,E92000001,2021-07-05,21,133521
nation,England,E92000001,2021-07-06,22,133543
nation,England,E92000001,2021-07-07,28,133571
nation,England,E92000001,2021-07-08,30,133601
nation,England,E92000001,2021-07-09,43,133644
nation,England,E92000001,2021-07-10,34,133678
nation,England,E92000001,2021-07-11,28,133706
nation,England,E92000001,2021-07-12,34,133740
nation,England,E92000001,2021-07-13,40,133780
nation,England,E92000001,2021-07-14,38,133818
nation,England,E92000001,2021-07-15,45,133863
nation,England,E92000001,2021-07-16,44,133907
nation,England,E92000001,2021-07-17,49,133956
nation,England,E92000001,2021-07-18,60,134016
nation,England,E92000001,2021-07-19,76,134092
nation,England,E92000001,2021-07-20,54,134146
nation,England,E92000001,2021-07-21,48,134194
nation,England,E92000001,2021-07-22,74,134268
nation,England,E92000001,2021-07-23,68,134336
nation,England,E92000001,2021-07-24,60,134396
nation,England,E92000001,2021-07-25,62,134458
nation,England,E92000001,2021-07-26,70,134528
nation,England,E92000001,2021-07-27,61,134589
nation,England,E92000001,2021-07-28,70,134659
nation,England,E92000001,2021-07-29,73,134732
nation,England,E92000001,2021-07-30,90,134822
nation,England,E92000001,2021-07-31,73,134895
nation,England,E92000001,2021-08-01,74,134969
nation,England,E92000001,2021-08-02,76,135045
nation,England,E92000001,2021-08-03,70,135115
nation,England,E92000001,2021-08-04,79,135194
nation,England,E92000001,2021-08-05,89,135283
nation,England,E92000001,2021-08-06,85,135368
nation,England,E92000001,2021-08-07,90,135458
nation,England,E92000001,2021-08-08,67,135525
nation,England,E92000001,2021-08-09,74,135599
nation,England,E92000001,2021-08-10,73,135672
nation,England,E92000001,2021-08-11,78,135750
nation,England,E92000001,2021-08-12,91,135841
nation,England,E92000001,2021-08-13,81,135922
nation,England,E92000001,2021-08-14,86,136008
nation,England,E92000001,2021-08-15,75,136083
nation,England,E92000001,2021-08-16,78,136161
nation,England,E92000001,2021-08-17,89,136250
nation,England,E92000001,2021-08-18,89,136339
nation,England,E92000001,2021-08-19,99,136438
nation,England,E92000001,2021-08-20,108,136546
nation,England,E92000001,2021-08-21,97,136643
nation,England,E92000001,2021-08-22,110,136753
nation,England,E92000001,2021-08-23,97,136850
nation,England,E92000001,2021-08-24,104,136954
nation,England,E92000001,2021-08-25,86,137040
nation,England,E92000001,2021-08-26,108,137148
nation,England,E92000001,2021-08-27,114,137262
nation,England,E92000001,2021-08-28,105,137367
nation,England,E92000001,2021-08-29,114,137481
nation,England,E92000001,2021-08-30,93,137574
nation,England,E92000001,2021-08-31,102,137676
nation,England,E92000001,2021-09-01,102,137778
nation,England,E92000001,2021-09-02,105,137883
nation,England,E92000001,2021-09-03,124,138007
nation,England,E92000001,2021-09-04,119,138126
nation,England,E92000001,2021-09-05,122,138248
nation,England,E92000001,2021-09-06,129,138377
nation,England,E92000001,2021-09-07,129,138506
nation,England,E92000001,2021-09-08,116,138622
nation,England,E92000001,2021-09-09,137,138759
nation,England,E92000001,2021-09-10,111,138870
nation,England,E92000001,2021-09-11,109,138979
nation,England,E92000001,2021-09-12,102,139081
nation,England,E92000001,2021-09-13,78,139159
nation,England,E92000001,2021-09-14,126,139285
nation,England,E92000001,2021-09-15,122,139407
nation,England,E92000001,2021-09-16,118,139525
nation,England,E92000001,2021-09-17,130,139655
nation,England,E92000001,2021-09-18,102,139757
nation,England,E92000001,2021-09-19,102,139859
nation,England,E92000001,2021-09-20,116,139975
nation,England,E92000001,2021-09-21,99,140074
nation,England,E92000001,2021-09-22,114,140188
nation,England,E92000001,2021-09-23,109,140297
nation,England,E92000001,2021-09-24,100,140397
nation,England,E92000001,2021-09-25,89,140486
nation,England,E92000001,2021-09-26,76,140562
nation,England,E92000001,2021-09-27,84,140646
nation,England,E92000001,2021-09-28,88,140734
nation,England,E92000001,2021-09-29,93,140827
nation,England,E92000001,2021-09-30,95,140922
nation,England,E92000001,2021-10-01,102,141024
nation,England,E92000001,2021-10-02,73,141097
nation,England,E92000001,2021-10-03,78,141175
nation,England,E92000001,2021-10-04,84,141259
nation,England,E92000001,2021-10-05,96,141355
nation,England,E92000001,2021-10-06,79,141434
nation,England,E92000001,2021-10-07,95,141529
nation,England,E92000001,2021-10-08,95,141624
nation,England,E92000001,2021-10-09,94,141718
nation,England,E92000001,2021-10-10,82,141800
nation,England,E92000001,2021-10-11,97,141897
nation,England,E92000001,2021-10-12,96,141993
nation,England,E92000001,2021-10-13,99,142092
nation,England,E92000001,2021-10-14,114,142206
nation,England,E92000001,2021-10-15,108,142314
nation,England,E92000001,2021-10-16,105,142419
nation,England,E92000001,2021-10-17,109,142528
nation,England,E92000001,2021-10-18,97,142625
nation,England,E92000001,2021-10-19,109,142734
nation,England,E92000001,2021-10-20,116,142850
nation,England,E92000001,2021-10-21,115,142965
nation,England,E92000001,2021-10-22,115,143080
nation,England,E92000001,2021-10-23,131,143211
nation,England,E92000001,2021-10-24,120,143331
nation,England,E92000001,2021-10-25,123,143454
nation,England,E92000001,2021-10-26,132,143586
nation,England,E92000001,2021-10-27,140,143726
nation,England,E92000001,2021-10-28,157,143883
nation,England,E92000001,2021-10-29,132,144015
nation,England,E92000001,2021-10-30,124,144139
nation,England,E92000001,2021-10-31,151,144290
nation,England,E92000001,2021-11-01,146,144436
nation,England,E92000001,2021-11-02,132,144568
nation,England,E92000001,2021-11-03,135,144703
nation,England,E92000001,2021-11-04,131,144834
nation,England,E92000001,2021-11-05,131,144965
nation,England,E92000001,2021-11-06,135,145100
nation,England,E92000001,2021-11-07,123,145223
nation,England,E92000001,2021-11-08,128,145351
nation,England,E92000001,2021-11-09,131,145482
nation,England,E92000001,2021-11-10,129,145611
nation,England,E92000001,2021-11-11,128,145739
nation,England,E92000001,2021-11-12,107,145846
nation,England,E92000001,2021-11-13,117,145963
nation,England,E92000001,2021-11-14,108,146071
nation,England,E92000001,2021-11-15,136,146207
nation,England,E92000001,2021-11-16,134,146341
nation,England,E92000001,2021-11-17,95,146436
nation,England,E92000001,2021-11-18,106,146542
nation,England,E92000001,2021-11-19,107,146649
nation,England,E92000001,2021-11-20,105,146754
nation,England,E92000001,2021-11-21,98,146852
nation,England,E92000001,2021-11-22,100,146952
nation,England,E92000001,2021-11-23,119,147071
nation,England,E92000001,2021-11-24,105,147176
nation,England,E92000001,2021-11-25,112,147288
nation,England,E92000001,2021-11-26,102,147390
nation,England,E92000001,2021-11-27,97,147487
nation,England,E92000001,2021-11-28,104,147591
nation,England,E92000001,2021-11-29,117,147708
nation,England,E92000001,2021-11-30,109,147817
nation,England,E92000001,2021-12-01,107,147924
nation,England,E92000001,2021-12-02,94,148018
nation,England,E92000001,2021-12-03,123,148141
nation,England,E92000001,2021-12-04,129,148270
nation,England,E92000001,2021-12-05,95,148365
nation,England,E92000001,2021-12-06,111,148476
nation,England,E92000001,2021-12-07,99,148575
nation,England,E92000001,2021-12-08,111,148686
nation,England,E92000001,2021-12-09,107,148793
nation,England,E92000001,2021-12-10,98,148891
nation,England,E92000001,2021-12-11,86,148977
nation,England,E92000001,2021-12-12,121,149098
nation,England,E92000001,2021-12-13,95,149193
nation,England,E92000001,2021-12-14,124,149317
nation,England,E92000001,2021-12-15,99,149416
nation,England,E92000001,2021-12-16,98,149514
nation,England,E92000001,2021-12-17,114,149628
nation,England,E92000001,2021-12-18,92,149720
nation,England,E92000001,2021-12-19,102,149822
nation,England,E92000001,2021-12-20,111,149933
nation,England,E92000001,2021-12-21,92,150025
nation,England,E92000001,2021-12-22,123,150148
nation,England,E92000001,2021-12-23,124,150272
nation,England,E92000001,2021-12-24,104,150376
nation,England,E92000001,2021-12-25,97,150473
nation,England,E92000001,2021-12-26,101,150574
nation,England,E92000001,2021-12-27,115,150689
nation,England,E92000001,2021-12-28,136,150825
nation,England,E92000001,2021-12-29,107,150932
nation,England,E92000001,2021-12-30,156,151088
nation,England,E92000001,2021-12-31,133,151221
nation,England,E92000001,2022-01-01,152,151373
nation,England,E92000001,2022-01-02,143,151516
nation,England,E92000001,2022-01-03,153,151669
nation,England,E92000001,2022-01-04,158,151827
nation,England,E92000001,2022-01-05,161,151988
nation,England,E92000001,2022-01-06,185,152173
nation,England,E92000001,2022-01-07,206,152379
nation,England,E92000001,2022-01-08,188,152567
nation,England,E92000001,2022-01-09,200,152767
nation,England,E92000001,2022-01-10,202,152969
nation,England,E92000001,2022-01-11,202,153171
nation,England,E92000001,2022-01-12,199,153370
nation,England,E92000001,2022-01-13,191,153561
nation,England,E92000001,2022-01-14,203,153764
nation,England,E92000001,2022-01-15,211,153975
nation,England,E92000001,2022-01-16,211,154186
nation,England,E92000001,2022-01-17,197,154383
nation,England,E92000001,2022-01-18,202,154585
nation,England,E92000001,2022-01-19,180,154765
nation,England,E92000001,2022-01-20,167,154932
nation,England,E92000001,2022-01-21,213,155145
nation,England,E92000001,2022-01-22,195,155340
nation,England,E92000001,2022-01-23,181,155521
nation,England,E92000001,2022-01-24,204,155725
nation,England,E92000001,2022-01-25,156,155881
nation,England,E92000001,2022-01-26,175,156056
nation,England,E92000001,2022-01-27,179,156235
nation,England,E92000001,2022-01-28,163,156398
nation,England,E92000001,2022-01-29,160,156558
nation,England,E92000001,2022-01-30,169,156727
nation,England,E92000001,2022-01-31,178,156905
nation,England,E92000001,2022-02-01,170,157075
nation,England,E92000001,2022-02-02,164,157239
nation,England,E92000001,2022-02-03,163,157402
nation,England,E92000001,2022-02-04,144,157546
nation,England,E92000001,2022-02-05,152,157698
nation,England,E92000001,2022-02-06,132,157830
nation,England,E92000001,2022-02-07,124,157954
nation,England,E92000001,2022-02-08,135,158089
nation,England,E92000001,2022-02-09,118,158207
nation,England,E92000001,2022-02-10,106,158313
nation,England,E92000001,2022-02-11,121,158434
nation,England,E92000001,2022-02-12,127,158561
nation,England,E92000001,2022-02-13,110,158671
nation,England,E92000001,2022-02-14,131,158802
nation,England,E92000001,2022-02-15,103,158905
nation,England,E92000001,2022-02-16,110,159015
nation,England,E92000001,2022-02-17,104,159119
nation,England,E92000001,2022-02-18,102,159221
nation,England,E92000001,2022-02-19,98,159319
nation,England,E92000001,2022-02-20,106,159425
nation,England,E92000001,2022-02-21,94,159519
nation,England,E92000001,2022-02-22,92,159611
nation,England,E92000001,2022-02-23,91,159702
nation,England,E92000001,2022-02-24,95,159797
nation,England,E92000001,2022-02-25,90,159887
nation,England,E92000001,2022-02-26,81,159968
nation,England,E92000001,2022-02-27,92,160060
nation,England,E92000001,2022-02-28,82,160142
nation,England,E92000001,2022-03-01,82,160224
nation,England,E92000001,2022-03-02,108,160332
nation,England,E92000001,2022-03-03,83,160415
nation,England,E92000001,2022-03-04,86,160501
nation,England,E92000001,2022-03-05,81,160582
nation,England,E92000001,2022-03-06,64,160646
nation,England,E92000001,2022-03-07,91,160737
nation,England,E92000001,2022-03-08,100,160837
nation,England,E92000001,2022-03-09,88,160925
nation,England,E92000001,2022-03-10,91,161016
nation,England,E92000001,2022-03-11,97,161113
nation,England,E92000001,2022-03-12,101,161214
nation,England,E92000001,2022-03-13,81,161295
nation,England,E92000001,2022-03-14,115,161410
nation,England,E92000001,2022-03-15,100,161510
nation,England,E92000001,2022-03-16,107,161617
nation,England,E92000001,2022-03-17,105,161722
nation,England,E92000001,2022-03-18,122,161844
nation,England,E92000001,2022-03-19,121,161965
nation,England,E92000001,2022-03-20,128,162093
nation,England,E92000001,2022-03-21,122,162215
nation,England,E92000001,2022-03-22,123,162338
nation,England,E92000001,2022-03-23,122,162460
nation,England,E92000001,2022-03-24,119,162579
nation,England,E92000001,2022-03-25,138,162717
nation,England,E92000001,2022-03-26,129,162846
nation,England,E92000001,2022-03-27,127,162973
nation,England,E92000001,2022-03-28,136,163109
nation,England,E92000001,2022-03-29,155,163264
nation,England,E92000001,2022-03-30,150,163414
nation,England,E92000001,2022-03-31,153,163567
nation,England,E92000001,2022-04-01,163,163730
nation,England,E92000001,2022-04-02,170,163900
nation,England,E92000001,2022-04-03,154,164054
nation,England,E92000001,2022-04-04,143,164197
nation,England,E92000001,2022-04-05,160,164357
nation,England,E92000001,2022-04-06,164,164521
nation,England,E92000001,2022-04-07,188,164709
nation,England,E92000001,2022-04-08,196,164905
nation,England,E92000001,2022-04-09,148,165053
nation,England,E92000001,2022-04-10,160,165213
nation,England,E92000001,2022-04-11,159,165372
nation,England,E92000001,2022-04-12,161,165533
nation,England,E92000001,2022-04-13,184,165717
nation,England,E92000001,2022-04-14,161,165878
nation,England,E92000001,2022-04-15,145,166023
nation,England,E92000001,2022-04-16,140,166163
nation,England,E92000001,2022-04-17,135,166298
nation,England,E92000001,2022-04-18,146,166444
nation,England,E92000001,2022-04-19,129,166573
nation,England,E92000001,2022-04-20,137,166710
nation,England,E92000001,2022-04-21,134,166844
nation,England,E92000001,2022-04-22,128,166972
nation,England,E92000001,2022-04-23,124,167096
nation,England,E92000001,2022-04-24,106,167202
nation,England,E92000001,2022-04-25,106,167308
nation,England,E92000001,2022-04-26,95,167403
nation,England,E92000001,2022-04-27,117,167520
nation,England,E92000001,2022-04-28,110,167630
nation,England,E92000001,2022-04-29,81,167711
nation,England,E92000001,2022-04-30,91,167802
nation,England,E92000001,2022-05-01,101,167903
nation,England,E92000001,2022-05-02,92,167995
nation,England,E92000001,2022-05-03,84,168079
nation,England,E92000001,2022-05-04,79,168158
nation,England,E92000001,2022-05-05,72,168230
nation,England,E92000001,2022-05-06,90,168320
nation,England,E92000001,2022-05-07,83,168403
nation,England,E92000001,2022-05-08,74,168477
nation,England,E92000001,2022-05-09,73,168550
nation,England,E92000001,2022-05-10,87,168637
nation,England,E92000001,2022-05-11,58,168695
nation,England,E92000001,2022-05-12,55,168750
nation,England,E92000001,2022-05-13,66,168816
nation,England,E92000001,2022-05-14,54,168870
nation,England,E92000001,2022-05-15,61,168931
nation,England,E92000001,2022-05-16,52,168983
nation,England,E92000001,2022-05-17,55,169038
nation,England,E92000001,2022-05-18,38,169076
nation,England,E92000001,2022-05-19,27,169103
nation,England,E92000001,2022-05-20,55,169158
nation,England,E92000001,2022-05-21,36,169194
nation,England,E92000001,2022-05-22,44,169238
nation,England,E92000001,2022-05-23,52,169290
nation,England,E92000001,2022-05-24,39,169329
nation,England,E92000001,2022-05-25,26,169355
nation,England,E92000001,2022-05-26,40,169395
nation,England,E92000001,2022-05-27,39,169434
nation,England,E92000001,2022-05-28,30,169464
nation,England,E92000001,2022-05-29,24,169488
nation,England,E92000001,2022-05-30,42,169530
nation,England,E92000001,2022-05-31,42,169572
nation,England,E92000001,2022-06-01,23,169595
nation,England,E92000001,2022-06-02,38,169633
nation,England,E92000001,2022-06-03,22,169655
nation,England,E92000001,2022-06-04,33,169688
nation,England,E92000001,2022-06-05,23,169711
nation,England,E92000001,2022-06-06,38,169749
nation,England,E92000001,2022-06-07,27,169776
nation,England,E92000001,2022-06-08,32,169808
nation,England,E92000001,2022-06-09,18,169826
nation,England,E92000001,2022-06-10,31,169857
nation,England,E92000001,2022-06-11,27,169884
nation,England,E92000001,2022-06-12,34,169918
nation,England,E92000001,2022-06-13,28,169946
nation,England,E92000001,2022-06-14,27,169973
nation,England,E92000001,2022-06-15,39,170012
nation,England,E92000001,2022-06-16,41,170053
nation,England,E92000001,2022-06-17,36,170089
nation,England,E92000001,2022-06-18,35,170124
nation,England,E92000001,2022-06-19,36,170160
nation,England,E92000001,2022-06-20,41,170201
nation,England,E92000001,2022-06-21,39,170240
nation,England,E92000001,2022-06-22,57,170297
nation,England,E92000001,2022-06-23,44,170341
nation,England,E92000001,2022-06-24,37,170378
nation,England,E92000001,2022-06-25,57,170435
nation,England,E92000001,2022-06-26,57,170492
nation,England,E92000001,2022-06-27,45,170537
nation,England,E92000001,2022-06-28,49,170586
nation,England,E92000001,2022-06-29,66,170652
nation,England,E92000001,2022-06-30,53,170705
nation,England,E92000001,2022-07-01,62,170767
nation,England,E92000001,2022-07-02,67,170834
nation,England,E92000001,2022-07-03,53,170887
nation,England,E92000001,2022-07-04,72,170959
nation,England,E92000001,2022-07-05,83,171042
nation,England,E92000001,2022-07-06,89,171131
nation,England,E92000001,2022-07-07,84,171215
nation,England,E92000001,2022-07-08,85,171300
nation,England,E92000001,2022-07-09,91,171391
nation,England,E92000001,2022-07-10,87,171478
nation,England,E92000001,2022-07-11,100,171578
nation,England,E92000001,2022-07-12,120,171698
nation,England,E92000001,2022-07-13,110,171808
nation,England,E92000001,2022-07-14,101,171909
nation,England,E92000001,2022-07-15,91,172000
nation,England,E92000001,2022-07-16,100,172100
nation,England,E92000001,2022-07-17,134,172234
nation,England,E92000001,2022-07-18,99,172333
nation,England,E92000001,2022-07-19,193,172526
nation,England,E92000001,2022-07-20,172,172698
nation,England,E92000001,2022-07-21,103,172801
nation,England,E92000001,2022-07-22,88,172889
nation,England,E92000001,2022-07-23,101,172990
nation,England,E92000001,2022-07-24,106,173096
nation,England,E92000001,2022-07-25,93,173189
nation,England,E92000001,2022-07-26,95,173284
nation,England,E92000001,2022-07-27,99,173383
nation,England,E92000001,2022-07-28,105,173488
nation,England,E92000001,2022-07-29,101,173589
nation,England,E92000001,2022-07-30,65,173654
nation,England,E92000001,2022-07-31,80,173734
nation,England,E92000001,2022-08-01,75,173809
nation,England,E92000001,2022-08-02,86,173895
nation,England,E92000001,2022-08-03,99,173994
nation,England,E92000001,2022-08-04,71,174065
nation,England,E92000001,2022-08-05,69,174134
nation,England,E92000001,2022-08-06,56,174190
nation,England,E92000001,2022-08-07,87,174277
nation,England,E92000001,2022-08-08,81,174358
nation,England,E92000001,2022-08-09,75,174433
nation,England,E92000001,2022-08-10,63,174496
nation,England,E92000001,2022-08-11,86,174582
nation,England,E92000001,2022-08-12,96,174678
nation,England,E92000001,2022-08-13,77,174755
nation,England,E92000001,2022-08-14,68,174823
nation,England,E92000001,2022-08-15,70,174893
nation,England,E92000001,2022-08-16,61,174954
nation,England,E92000001,2022-08-17,50,175004
nation,England,E92000001,2022-08-18,52,175056
nation,England,E92000001,2022-08-19,53,175109
nation,England,E92000001,2022-08-20,66,175175
nation,England,E92000001,2022-08-21,50,175225
nation,England,E92000001,2022-08-22,57,175282
nation,England,E92000001,2022-08-23,64,175346
nation,England,E92000001,2022-08-24,41,175387
nation,England,E92000001,2022-08-25,41,175428
nation,England,E92000001,2022-08-26,34,175462
nation,England,E92000001,2022-08-27,53,175515
nation,England,E92000001,2022-08-28,54,175569
nation,England,E92000001,2022-08-29,44,175613
nation,England,E92000001,2022-08-30,35,175648
nation,England,E92000001,2022-08-31,57,175705
nation,England,E92000001,2022-09-01,35,175740
nation,England,E92000001,2022-09-02,42,175782
nation,England,E92000001,2022-09-03,40,175822
nation,England,E92000001,2022-09-04,36,175858
nation,England,E92000001,2022-09-05,31,175889
nation,England,E92000001,2022-09-06,28,175917
nation,England,E92000001,2022-09-07,49,175966
nation,England,E92000001,2022-09-08,38,176004
nation,England,E92000001,2022-09-09,30,176034
nation,England,E92000001,2022-09-10,35,176069
nation,England,E92000001,2022-09-11,19,176088
nation,England,E92000001,2022-09-12,33,176121
nation,England,E92000001,2022-09-13,47,176168
nation,England,E92000001,2022-09-14,38,176206
nation,England,E92000001,2022-09-15,40,176246
nation,England,E92000001,2022-09-16,30,176276
nation,England,E92000001,2022-09-17,31,176307
nation,England,E92000001,2022-09-18,30,176337
nation,England,E92000001,2022-09-19,41,176378
nation,England,E92000001,2022-09-20,44,176422
nation,England,E92000001,2022-09-21,30,176452
nation,England,E92000001,2022-09-22,45,176497
nation,England,E92000001,2022-09-23,43,176540
nation,England,E92000001,2022-09-24,39,176579
nation,England,E92000001,2022-09-25,32,176611
nation,England,E92000001,2022-09-26,52,176663
nation,England,E92000001,2022-09-27,58,176721
nation,England,E92000001,2022-09-28,55,176776
nation,England,E92000001,2022-09-29,53,176829
nation,England,E92000001,2022-09-30,48,176877
nation,England,E92000001,2022-10-01,61,176938
nation,England,E92000001,2022-10-02,55,176993
nation,England,E92000001,2022-10-03,69,177062
nation,England,E92000001,2022-10-04,80,177142
nation,England,E92000001,2022-10-05,85,177227
nation,England,E92000001,2022-10-06,82,177309
nation,England,E92000001,2022-10-07,86,177395
nation,England,E92000001,2022-10-08,82,177477
nation,England,E92000001,2022-10-09,84,177561
nation,England,E92000001,2022-10-10,80,177641
nation,England,E92000001,2022-10-11,104,177745
nation,England,E92000001,2022-10-12,113,177858
nation,England,E92000001,2022-10-13,101,177959
nation,England,E92000001,2022-10-14,105,178064
nation,England,E92000001,2022-10-15,92,178156
nation,England,E92000001,2022-10-16,98,178254
nation,England,E92000001,2022-10-17,103,178357
nation,England,E92000001,2022-10-18,90,178447
nation,England,E92000001,2022-10-19,87,178534
nation,England,E92000001,2022-10-20,109,178643
nation,England,E92000001,2022-10-21,94,178737
nation,England,E92000001,2022-10-22,99,178836
nation,England,E92000001,2022-10-23,86,178922
nation,England,E92000001,2022-10-24,94,179016
nation,England,E92000001,2022-10-25,97,179113
nation,England,E92000001,2022-10-26,82,179195
nation,England,E92000001,2022-10-27,96,179291
nation,England,E92000001,2022-10-28,75,179366
nation,England,E92000001,2022-10-29,81,179447
nation,England,E92000001,2022-10-30,88,179535
nation,England,E92000001,2022-10-31,64,179599
nation,England,E92000001,2022-11-01,68,179667
nation,England,E92000001,2022-11-02,67,179734
nation,England,E92000001,2022-11-03,70,179804
nation,England,E92000001,2022-11-04,79,179883
nation,England,E92000001,2022-11-05,63,179946
nation,England,E92000001,2022-11-06,48,179994
nation,England,E92000001,2022-11-07,64,180058
nation,England,E92000001,2022-11-08,58,180116
nation,England,E92000001,2022-11-09,52,180168
nation,England,E92000001,2022-11-10,45,180213
nation,England,E92000001,2022-11-11,56,180269
nation,England,E92000001,2022-11-12,37,180306
nation,England,E92000001,2022-11-13,49,180355
nation,England,E92000001,2022-11-14,56,180411
nation,England,E92000001,2022-11-15,58,180469
nation,England,E92000001,2022-11-16,43,180512
nation,England,E92000001,2022-11-17,48,180560
nation,England,E92000001,2022-11-18,52,180612
nation,England,E92000001,2022-11-19,46,180658
nation,England,E92000001,2022-11-20,54,180712
nation,England,E92000001,2022-11-21,44,180756
nation,England,E92000001,2022-11-22,43,180799
nation,England,E92000001,2022-11-23,48,180847
nation,England,E92000001,2022-11-24,43,180890
nation,England,E92000001,2022-11-25,39,180929
nation,England,E92000001,2022-11-26,35,180964
nation,England,E92000001,2022-11-27,45,181009
nation,England,E92000001,2022-11-28,49,181058
nation,England,E92000001,2022-11-29,39,181097
nation,England,E92000001,2022-11-30,37,181134
nation,England,E92000001,2022-12-01,48,181182
nation,England,E92000001,2022-12-02,42,181224
nation,England,E92000001,2022-12-03,47,181271
nation,England,E92000001,2022-12-04,30,181301
nation,England,E92000001,2022-12-05,54,181355
nation,England,E92000001,2022-12-06,59,181414
nation,England,E92000001,2022-12-07,53,181467
nation,England,E92000001,2022-12-08,57,181524
nation,England,E92000001,2022-12-09,54,181578
nation,England,E92000001,2022-12-10,60,181638
nation,England,E92000001,2022-12-11,58,181696
nation,England,E92000001,2022-12-12,56,181752
nation,England,E92000001,2022-12-13,61,181813
nation,England,E92000001,2022-12-14,81,181894
nation,England,E92000001,2022-12-15,43,181937
nation,England,E92000001,2022-12-16,72,182009
nation,England,E92000001,2022-12-17,76,182085
nation,England,E92000001,2022-12-18,88,182173
nation,England,E92000001,2022-12-19,96,182269
nation,England,E92000001,2022-12-20,98,182367
nation,England,E92000001,2022-12-21,87,182454
nation,England,E92000001,2022-12-22,83,182537
nation,England,E92000001,2022-12-23,103,182640
nation,England,E92000001,2022-12-24,117,182757
nation,England,E92000001,2022-12-25,106,182863
nation,England,E92000001,2022-12-26,104,182967
nation,England,E92000001,2022-12-27,114,183081
nation,England,E92000001,2022-12-28,110,183191
nation,England,E92000001,2022-12-29,100,183291
nation,England,E92000001,2022-12-30,130,183421
nation,England,E92000001,2022-12-31,129,183550
nation,England,E92000001,2023-01-01,111,183661
nation,England,E92000001,2023-01-02,107,183768
nation,England,E92000001,2023-01-03,114,183882
nation,England,E92000001,2023-01-04,117,183999
nation,England,E92000001,2023-01-05,115,184114
nation,England,E92000001,2023-01-06,88,184202
nation,England,E92000001,2023-01-07,99,184301
nation,England,E92000001,2023-01-08,103,184404
nation,England,E92000001,2023-01-09,108,184512
nation,England,E92000001,2023-01-10,87,184599
nation,England,E92000001,2023-01-11,77,184676
nation,England,E92000001,2023-01-12,103,184779
nation,England,E92000001,2023-01-13,83,184862
nation,England,E92000001,2023-01-14,86,184948
nation,England,E92000001,2023-01-15,87,185035
nation,England,E92000001,2023-01-16,93,185128
nation,England,E92000001,2023-01-17,73,185201
nation,England,E92000001,2023-01-18,74,185275
nation,England,E92000001,2023-01-19,71,185346
nation,England,E92000001,2023-01-20,66,185412
nation,England,E92000001,2023-01-21,65,185477
nation,England,E92000001,2023-01-22,69,185546
nation,England,E92000001,2023-01-23,59,185605
nation,England,E92000001,2023-01-24,71,185676
nation,England,E92000001,2023-01-25,54,185730
nation,England,E92000001,2023-01-26,63,185793
nation,England,E92000001,2023-01-27,68,185861
nation,England,E92000001,2023-01-28,62,185923
nation,England,E92000001,2023-01-29,64,185987
nation,England,E92000001,2023-01-30,56,186043
nation,England,E92000001,2023-01-31,56,186099
nation,England,E92000001,2023-02-01,61,186160
nation,England,E92000001,2023-02-02,69,186229
nation,England,E92000001,2023-02-03,58,186287
nation,England,E92000001,2023-02-04,52,186339
nation,England,E92000001,2023-02-05,65,186404
nation,England,E92000001,2023-02-06,49,186453
nation,England,E92000001,2023-02-07,60,186513
nation,England,E92000001,2023-02-08,63,186576
nation,England,E92000001,2023-02-09,49,186625
nation,England,E92000001,2023-02-10,69,186694
nation,England,E92000001,2023-02-11,57,186751
nation,England,E92000001,2023-02-12,56,186807
nation,England,E92000001,2023-02-13,46,186853
nation,England,E92000001,2023-02-14,71,186924
nation,England,E92000001,2023-02-15,55,186979
nation,England,E92000001,2023-02-16,68,187047
nation,England,E92000001,2023-02-17,71,187118
nation,England,E92000001,2023-02-18,65,187183
nation,England,E92000001,2023-02-19,52,187235
nation,England,E92000001,2023-02-20,68,187303
nation,England,E92000001,2023-02-21,56,187359
nation,England,E92000001,2023-02-22,78,187437
nation,England,E92000001,2023-02-23,68,187505
nation,England,E92000001,2023-02-24,72,187577
nation,England,E92000001,2023-02-25,66,187643
nation,England,E92000001,2023-02-26,77,187720
nation,England,E92000001,2023-02-27,70,187790
nation,England,E92000001,2023-02-28,71,187861
nation,England,E92000001,2023-03-01,63,187924
nation,England,E92000001,2023-03-02,90,188014
nation,England,E92000001,2023-03-03,65,188079
nation,England,E92000001,2023-03-04,84,188163
nation,England,E92000001,2023-03-05,83,188246
nation,England,E92000001,2023-03-06,79,188325
nation,England,E92000001,2023-03-07,78,188403
nation,England,E92000001,2023-03-08,80,188483
nation,England,E92000001,2023-03-09,78,188561
nation,England,E92000001,2023-03-10,77,188638
nation,England,E92000001,2023-03-11,81,188719
nation,England,E92000001,2023-03-12,84,188803
nation,England,E92000001,2023-03-13,86,188889
nation,England,E92000001,2023-03-14,82,188971
nation,England,E92000001,2023-03-15,91,189062
nation,England,E92000001,2023-03-16,85,189147
nation,England,E92000001,2023-03-17,94,189241
nation,England,E92000001,2023-03-18,83,189324
nation,England,E92000001,2023-03-19,78,189402
nation,England,E92000001,2023-03-20,74,189476
nation,England,E92000001,2023-03-21,102,189578
nation,England,E92000001,2023-03-22,86,189664
nation,England,E92000001,2023-03-23,91,189755
nation,England,E92000001,2023-03-24,94,189849
nation,England,E92000001,2023-03-25,94,189943
nation,England,E92000001,2023-03-26,70,190013
nation,England,E92000001,2023-03-27,85,190098
nation,England,E92000001,2023-03-28,95,190193
nation,England,E92000001,2023-03-29,78,190271
nation,England,E92000001,2023-03-30,88,190359
nation,England,E92000001,2023-03-31,62,190421
nation,England,E92000001,2023-04-01,60,190481
nation,England,E92000001,2023-04-02,61,190542
nation,England,E92000001,2023-04-03,79,190621
nation,England,E92000001,2023-04-04,83,190704
nation,England,E92000001,2023-04-05,51,190755
nation,England,E92000001,2023-04-06,89,190844
nation,England,E92000001,2023-04-07,76,190920
nation,England,E92000001,2023-04-08,59,190979
nation,England,E92000001,2023-04-09,56,191035
nation,England,E92000001,2023-04-10,67,191102
nation,England,E92000001,2023-04-11,57,191159
nation,England,E92000001,2023-04-12,63,191222
nation,England,E92000001,2023-04-13,75,191297
nation,England,E92000001,2023-04-14,63,191360
nation,England,E92000001,2023-04-15,60,191420
nation,England,E92000001,2023-04-16,58,191478
nation,England,E92000001,2023-04-17,52,191530
nation,England,E92000001,2023-04-18,54,191584
nation,England,E92000001,2023-04-19,64,191648
nation,England,E92000001,2023-04-20,54,191702
nation,England,E92000001,2023-04-21,74,191776
nation,England,E92000001,2023-04-22,45,191821
nation,England,E92000001,2023-04-23,54,191875
nation,England,E92000001,2023-04-24,41,191916
nation,England,E92000001,2023-04-25,44,191960
nation,England,E92000001,2023-04-26,51,192011
nation,England,E92000001,2023-04-27,42,192053
nation,England,E92000001,2023-04-28,40,192093
nation,England,E92000001,2023-04-29,41,192134
nation,England,E92000001,2023-04-30,34,192168
nation,England,E92000001,2023-05-01,44,192212
nation,England,E92000001,2023-05-02,44,192256
nation,England,E92000001,2023-05-03,44,192300
nation,England,E92000001,2023-05-04,42,192342
nation,England,E92000001,2023-05-05,39,192381
nation,England,E92000001,2023-05-06,37,192418
nation,England,E92000001,2023-05-07,45,192463
nation,England,E92000001,2023-05-08,35,192498
nation,England,E92000001,2023-05-09,32,192530
nation,England,E92000001,2023-05-10,35,192565
nation,England,E92000001,2023-05-11,46,192611
nation,England,E92000001,2023-05-12,41,192652
nation,England,E92000001,2023-05-13,27,192679
nation,England,E92000001,2023-05-14,26,192705
nation,England,E92000001,2023-05-15,28,192733
nation,England,E92000001,2023-05-16,43,192776
nation,England,E92000001,2023-05-17,46,192822
nation,England,E92000001,2023-05-18,32,192854
nation,England,E92000001,2023-05-19,42,192896
nation,England,E92000001,2023-05-20,25,192921
nation,England,E92000001,2023-05-21,24,192945
nation,England,E92000001,2023-05-22,35,192980
nation,England,E92000001,2023-05-23,30,193010
nation,England,E92000001,2023-05-24,30,193040
nation,England,E92000001,2023-05-25,21,193061
nation,England,E92000001,2023-05-26,33,193094
nation,England,E92000001,2023-05-27,31,193125
nation,England,E92000001,2023-05-28,21,193146
nation,England,E92000001,2023-05-29,21,193167
nation,England,E92000001,2023-05-30,29,193196
nation,England,E92000001,2023-05-31,20,193216
nation,England,E92000001,2023-06-01,29,193245
nation,England,E92000001,2023-06-02,20,193265
nation,England,E92000001,2023-06-03,30,193295
nation,England,E92000001,2023-06-04,24,193319
nation,England,E92000001,2023-06-05,17,193336
nation,England,E92000001,2023-06-06,21,193357
nation,England,E92000001,2023-06-07,19,193376
nation,England,E92000001,2023-06-08,22,193398
nation,England,E92000001,2023-06-09,19,193417
nation,England,E92000001,2023-06-10,20,193437
nation,England,E92000001,2023-06-11,27,193464
nation,England,E92000001,2023-06-12,25,193489
nation,England,E92000001,2023-06-13,21,193510
nation,England,E92000001,2023-06-14,22,193532
nation,England,E92000001,2023-06-15,20,193552
nation,England,E92000001,2023-06-16,19,193571
nation,England,E92000001,2023-06-17,14,193585
nation,England,E92000001,2023-06-18,14,193599
nation,England,E92000001,2023-06-19,16,193615
nation,England,E92000001,2023-06-20,18,193633
nation,England,E92000001,2023-06-21,14,193647
nation,England,E92000001,2023-06-22,9,193656
nation,England,E92000001,2023-06-23,11,193667
nation,England,E92000001,2023-06-24,11,193678
nation,England,E92000001,2023-06-25,19,193697
nation,England,E92000001,2023-06-26,10,193707
nation,England,E92000001,2023-06-27,13,193720
nation,England,E92000001,2023-06-28,5,193725
nation,England,E92000001,2023-06-29,11,193736
nation,England,E92000001,2023-06-30,17,193753
nation,England,E92000001,2023-07-01,9,193762
nation,England,E92000001,2023-07-02,12,193774
nation,England,E92000001,2023-07-03,7,193781
nation,England,E92000001,2023-07-04,8,193789
nation,England,E92000001,2023-07-05,11,193800
nation,England,E92000001,2023-07-06,12,193812
nation,England,E92000001,2023-07-07,7,193819
nation,England,E92000001,2023-07-08,5,193824
nation,England,E92000001,2023-07-09,6,193830
nation,England,E92000001,2023-07-10,9,193839
nation,England,E92000001,2023-07-11,7,193846
nation,England,E92000001,2023-07-12,6,193852
nation,England,E92000001,2023-07-13,11,193863
nation,England,E92000001,2023-07-14,3,193866
nation,England,E92000001,2023-07-15,6,193872
nation,England,E92000001,2023-07-16,6,193878
nation,England,E92000001,2023-07-17,6,193884
nation,England,E92000001,2023-07-18,8,193892
nation,England,E92000001,2023-07-19,12,193904
nation,England,E92000001,2023-07-20,3,193907
nation,England,E92000001,2023-07-21,9,193916
nation,England,E92000001,2023-07-22,5,193921
nation,England,E92000001,2023-07-23,10,193931
nation,England,E92000001,2023-07-24,7,193938
nation,England,E92000001,2023-07-25,9,193947
nation,England,E92000001,2023-07-26,14,193961
nation,England,E92000001,2023-07-27,10,193971
nation,England,E92000001,2023-07-28,14,193985
nation,England,E92000001,2023-07-29,9,193994
nation,England,E92000001,2023-07-30,6,194000
nation,England,E92000001,2023-07-31,13,194013
nation,England,E92000001,2023-08-01,16,194029
nation,England,E92000001,2023-08-02,14,194043
nation,England,E92000001,2023-08-03,10,194053
nation,England,E92000001,2023-08-04,10,194063
nation,England,E92000001,2023-08-05,15,194078
nation,England,E92000001,2023-08-06,15,194093
nation,England,E92000001,2023-08-07,9,194102
nation,England,E92000001,2023-08-08,12,194114
nation,England,E92000001,2023-08-09,12,194126
nation,England,E92000001,2023-08-10,30,194156
nation,England,E92000001,2023-08-11,18,194174
nation,England,E92000001,2023-08-12,26,194200
nation,England,E92000001,2023-08-13,15,194215
nation,England,E92000001,2023-08-14,20,194235
nation,England,E92000001,2023-08-15,13,194248
nation,England,E92000001,2023-08-16,22,194270
nation,England,E92000001,2023-08-17,25,194295
nation,England,E92000001,2023-08-18,23,194318
nation,England,E92000001,2023-08-19,34,194352
nation,England,E92000001,2023-08-20,24,194376
nation,England,E92000001,2023-08-21,24,194400
nation,England,E92000001,2023-08-22,22,194422
nation,England,E92000001,2023-08-23,19,194441
nation,England,E92000001,2023-08-24,24,194465
nation,England,E92000001,2023-08-25,26,194491
nation,England,E92000001,2023-08-26,19,194510
nation,England,E92000001,2023-08-27,27,194537
nation,England,E92000001,2023-08-28,18,194555
nation,England,E92000001,2023-08-29,23,194578
nation,England,E92000001,2023-08-30,28,194606
nation,England,E92000001,2023-08-31,19,194625
nation,England,E92000001,2023-09-01,20,194645
nation,England,E92000001,2023-09-02,28,194673
nation,England,E92000001,2023-09-03,34,194707
nation,England,E92000001,2023-09-04,26,194733
nation,England,E92000001,2023-09-05,35,194768
nation,England,E92000001,2023-09-06,38,194806
nation,England,E92000001,2023-09-07,30,194836
nation,England,E92000001,2023-09-08,43,194879
nation,England,E92000001,2023-09-09,34,194913
nation,England,E92000001,2023-09-10,40,194953
nation,England,E92000001,2023-09-11,30,194983
nation,England,E92000001,2023-09-12,32,195015
nation,England,E92000001,2023-09-13,35,195050
nation,England,E92000001,2023-09-14,36,195086
nation,England,E92000001,2023-09-15,33,195119
nation,England,E92000001,2023-09-16,19,195138
nation,England,E92000001,2023-09-17,30,195168
nation,England,E92000001,2023-09-18,34,195202
nation,England,E92000001,2023-09-19,31,195233
nation,England,E92000001,2023-09-20,32,195265
nation,England,E92000001,2023-09-21,29,195294
nation,England,E92000001,2023-09-22,29,195323
nation,England,E92000001,2023-09-23,26,195349
nation,England,E92000001,2023-09-24,30,195379
nation,England,E92000001,2023-09-25,31,195410
nation,England,E92000001,2023-09-26,22,195432
nation,England,E92000001,2023-09-27,46,195478
nation,England,E92000001,2023-09-28,44,195522
nation,England,E92000001,2023-09-29,33,195555
nation,England,E92000001,2023-09-30,38,195593
nation,England,E92000001,2023-10-01,42,195635
nation,England,E92000001,2023-10-02,39,195674
nation,England,E92000001,2023-10-03,32,195706
nation,England,E92000001,2023-10-04,40,195746
nation,England,E92000001,2023-10-05,41,195787
nation,England,E92000001,2023-10-06,49,195836
nation,England,E92000001,2023-10-07,49,195885
nation,England,E92000001,2023-10-08,44,195929
nation,England,E92000001,2023-10-09,36,195965
nation,England,E92000001,2023-10-10,39,196004
nation,England,E92000001,2023-10-11,53,196057
nation,England,E92000001,2023-10-12,40,196097
nation,England,E92000001,2023-10-13,30,196127
nation,England,E92000001,2023-10-14,42,196169
nation,England,E92000001,2023-10-15,47,196216
nation,England,E92000001,2023-10-16,40,196256
nation,England,E92000001,2023-10-17,51,196307
nation,England,E92000001,2023-10-18,45,196352
nation,England,E92000001,2023-10-19,48,196400
nation,England,E92000001,2023-10-20,46,196446
nation,England,E92000001,2023-10-21,43,196489
nation,England,E92000001,2023-10-22,35,196524
nation,England,E92000001,2023-10-23,39,196563
nation,England,E92000001,2023-10-24,40,196603
nation,England,E92000001,2023-10-25,54,196657
nation,England,E92000001,2023-10-26,35,196692
nation,England,E92000001,2023-10-27,46,196738
nation,England,E92000001,2023-10-28,38,196776
nation,England,E92000001,2023-10-29,58,196834
nation,England,E92000001,2023-10-30,41,196875
nation,England,E92000001,2023-10-31,41,196916
nation,England,E92000001,2023-11-01,46,196962
nation,England,E92000001,2023-11-02,33,196995
nation,England,E92000001,2023-11-03,44,197039
nation,England,E92000001,2023-11-04,33,197072
nation,England,E92000001,2023-11-05,47,197119
nation,England,E92000001,2023-11-06,34,197153
nation,England,E92000001,2023-11-07,30,197183
nation,England,E92000001,2023-11-08,26,197209
nation,England,E92000001,2023-11-09,43,197252
nation,England,E92000001,2023-11-10,37,197289
nation,England,E92000001,2023-11-11,28,197317
nation,England,E92000001,2023-11-12,19,197336
nation,England,E92000001,2023-11-13,25,197361
nation,England,E92000001,2023-11-14,27,197388
nation,England,E92000001,2023-11-15,19,197407
nation,England,E92000001,2023-11-16,19,197426
nation,England,E92000001,2023-11-17,22,197448
