areaType,areaName,areaCode,date,newAdmissionsWeekly,cumAdmissions
nation,England,E92000001,2020-03-19,,586
nation,England,E92000001,2020-03-20,1277,1277
nation,England,E92000001,2020-03-21,,2054
nation,England,E92000001,2020-03-22,,2913
nation,England,E92000001,2020-03-23,,4041
nation,England,E92000001,2020-03-24,,5585
nation,England,E92000001,2020-03-25,,7340
nation,England,E92000001,2020-03-26,,8979
nation,England,E92000001,2020-03-27,9633,10910
nation,England,E92000001,2020-03-28,,12783
nation,England,E92000001,2020-03-29,,14969
nation,England,E92000001,2020-03-30,,17786
nation,England,E92000001,2020-03-31,,20233
nation,England,E92000001,2020-04-01,,23332
nation,England,E92000001,2020-04-02,,26264
nation,England,E92000001,2020-04-03,17918,28828
nation,England,E92000001,2020-04-04,,31421
nation,England,E92000001,2020-04-05,,34013
nation,England,E92000001,2020-04-06,,36692
nation,England,E92000001,2020-04-07,,39436
nation,England,E92000001,2020-04-08,,42055
nation,England,E92000001,2020-04-09,,44395
nation,England,E92000001,2020-04-10,17763,46591
nation,England,E92000001,2020-04-11,,48546
nation,England,E92000001,2020-04-12,,50337
nation,England,E92000001,2020-04-13,,52249
nation,England,E92000001,2020-04-14,,54108
nation,England,E92000001,2020-04-15,,55716
nation,England,E92000001,2020-04-16,,57493
nation,England,E92000001,2020-04-17,12576,59167
nation,England,E92000001,2020-04-18,,60578
nation,England,E92000001,2020-04-19,,62053
nation,England,E92000001,2020-04-20,,63575
nation,England,E92000001,2020-04-21,,65070
nation,England,E92000001,2020-04-22,,66380
nation,England,E92000001,2020-04-23,,67669
nation,England,E92000001,2020-04-24,9779,68946
nation,England,E92000001,2020-04-25,,70026
nation,England,E92000001,2020-04-26,,71234
nation,England,E92000001,2020-04-27,,72578
nation,England,E92000001,2020-04-28,,73874
nation,England,E92000001,2020-04-29,,75169
nation,England,E92000001,2020-04-30,,76396
nation,England,E92000001,2020-05-01,8531,77477
nation,England,E92000001,2020-05-02,,78457
nation,England,E92000001,2020-05-03,,79501
nation,England,E92000001,2020-05-04,,80564
nation,England,E92000001,2020-05-05,,81523
nation,England,E92000001,2020-05-06,,82563
nation,England,E92000001,2020-05-07,,83561
nation,England,E92000001,2020-05-08,6827,84304
nation,England,E92000001,2020-05-09,,85102
nation,England,E92000001,2020-05-10,,85858
nation,England,E92000001,2020-05-11,,86724
nation,England,E92000001,2020-05-12,,87568
nation,England,E92000001,2020-05-13,,88372
nation,England,E92000001,2020-05-14,,89135
nation,England,E92000001,2020-05-15,5569,89873
nation,England,E92000001,2020-05-16,,90544
nation,England,E92000001,2020-05-17,,91217
nation,England,E92000001,2020-05-18,,91950
nation,England,E92000001,2020-05-19,,92702
nation,England,E92000001,2020-05-20,,93434
nation,England,E92000001,2020-05-21,,94149
nation,England,E92000001,2020-05-22,4914,94787
nation,England,E92000001,2020-05-23,,95291
nation,England,E92000001,2020-05-24,,95788
nation,England,E92000001,2020-05-25,,96286
nation,England,E92000001,2020-05-26,,96864
nation,England,E92000001,2020-05-27,,97453
nation,England,E92000001,2020-05-28,,98023
nation,England,E92000001,2020-05-29,3735,98522
nation,England,E92000001,2020-05-30,,98988
nation,England,E92000001,2020-05-31,,99434
nation,England,E92000001,2020-06-01,,99956
nation,England,E92000001,2020-06-02,,100509
nation,England,E92000001,2020-06-03,,101000
nation,England,E92000001,2020-06-04,,101458
nation,England,E92000001,2020-06-05,3316,101838
nation,England,E92000001,2020-06-06,,102144
nation,England,E92000001,2020-06-07,,102467
nation,England,E92000001,2020-06-08,,102815
nation,England,E92000001,2020-06-09,,103212
nation,England,E92000001,2020-06-10,,103614
nation,England,E92000001,2020-06-11,,103944
nation,England,E92000001,2020-06-12,2404,104242
nation,England,E92000001,2020-06-13,,104507
nation,England,E92000001,2020-06-14,,104813
nation,England,E92000001,2020-06-15,,105178
nation,England,E92000001,2020-06-16,,105532
nation,England,E92000001,2020-06-17,,105866
nation,England,E92000001,2020-06-18,,106178
nation,England,E92000001,2020-06-19,2189,106431
nation,England,E92000001,2020-06-20,,106615
nation,England,E92000001,2020-06-21,,106830
nation,England,E92000001,2020-06-22,,107148
nation,England,E92000001,2020-06-23,,107423
nation,England,E92000001,2020-06-24,,107685
nation,England,E92000001,2020-06-25,,107941
nation,England,E92000001,2020-06-26,1758,108189
nation,England,E92000001,2020-06-27,,108398
nation,England,E92000001,2020-06-28,,108553
nation,England,E92000001,2020-06-29,,108725
nation,England,E92000001,2020-06-30,,108914
nation,England,E92000001,2020-07-01,,109115
nation,England,E92000001,2020-07-02,,109264
nation,England,E92000001,2020-07-03,1221,109410
nation,England,E92000001,2020-07-04,,109530
nation,England,E92000001,2020-07-05,,109661
nation,England,E92000001,2020-07-06,,109811
nation,England,E92000001,2020-07-07,,109959
nation,England,E92000001,2020-07-08,,110100
nation,England,E92000001,2020-07-09,,110236
nation,England,E92000001,2020-07-10,930,110340
nation,England,E92000001,2020-07-11,,110437
nation,England,E92000001,2020-07-12,,110509
nation,England,E92000001,2020-07-13,,110646
nation,England,E92000001,2020-07-14,,110768
nation,England,E92000001,2020-07-15,,110884
nation,England,E92000001,2020-07-16,,110998
nation,England,E92000001,2020-07-17,741,111081
nation,England,E92000001,2020-07-18,,111129
nation,England,E92000001,2020-07-19,,111201
nation,England,E92000001,2020-07-20,,111287
nation,England,E92000001,2020-07-21,,111366
nation,England,E92000001,2020-07-22,,111448
nation,England,E92000001,2020-07-23,,111557
nation,England,E92000001,2020-07-24,569,111650
nation,England,E92000001,2020-07-25,,111715
nation,England,E92000001,2020-07-26,,111779
nation,England,E92000001,2020-07-27,,111861
nation,England,E92000001,2020-07-28,,111930
nation,England,E92000001,2020-07-29,,111993
nation,England,E92000001,2020-07-30,,112068
nation,England,E92000001,2020-07-31,473,112123
nation,England,E92000001,2020-08-01,,112173
nation,England,E92000001,2020-08-02,,112230
nation,England,E92000001,2020-08-03,,112304
nation,England,E92000001,2020-08-04,,112362
nation,England,E92000001,2020-08-05,,112422
nation,England,E92000001,2020-08-06,,112474
nation,England,E92000001,2020-08-07,411,112534
nation,England,E92000001,2020-08-08,,112612
nation,England,E92000001,2020-08-09,,112665
nation,England,E92000001,2020-08-10,,112715
nation,England,E92000001,2020-08-11,,112778
nation,England,E92000001,2020-08-12,,112829
nation,England,E92000001,2020-08-13,,112889
nation,England,E92000001,2020-08-14,410,112944
nation,England,E92000001,2020-08-15,,112982
nation,England,E92000001,2020-08-16,,113021
nation,England,E92000001,2020-08-17,,113067
nation,England,E92000001,2020-08-18,,113123
nation,England,E92000001,2020-08-19,,113181
nation,England,E92000001,2020-08-20,,113226
nation,England,E92000001,2020-08-21,331,113275
nation,England,E92000001,2020-08-22,,113300
nation,England,E92000001,2020-08-23,,113344
nation,England,E92000001,2020-08-24,,113385
nation,England,E92000001,2020-08-25,,113445
nation,England,E92000001,2020-08-26,,113497
nation,England,E92000001,2020-08-27,,113566
nation,England,E92000001,2020-08-28,335,113610
nation,England,E92000001,2020-08-29,,113662
nation,England,E92000001,2020-08-30,,113700
nation,England,E92000001,2020-08-31,,113752
nation,England,E92000001,2020-09-01,,113810
nation,England,E92000001,2020-09-02,,113889
nation,England,E92000001,2020-09-03,,113958
nation,England,E92000001,2020-09-04,415,114025
nation,England,E92000001,2020-09-05,,114119
nation,England,E92000001,2020-09-06,,114204
nation,England,E92000001,2020-09-07,,114288
nation,England,E92000001,2020-09-08,,114387
nation,England,E92000001,2020-09-09,,114523
nation,England,E92000001,2020-09-10,,114666
nation,England,E92000001,2020-09-11,776,114801
nation,England,E92000001,2020-09-12,,114944
nation,England,E92000001,2020-09-13,,115097
nation,England,E92000001,2020-09-14,,115269
nation,England,E92000001,2020-09-15,,115463
nation,England,E92000001,2020-09-16,,115646
nation,England,E92000001,2020-09-17,,115845
nation,England,E92000001,2020-09-18,1249,116050
nation,England,E92000001,2020-09-19,,116254
nation,England,E92000001,2020-09-20,,116491
nation,England,E92000001,2020-09-21,,116766
nation,England,E92000001,2020-09-22,,117034
nation,England,E92000001,2020-09-23,,117348
nation,England,E92000001,2020-09-24,,117636
nation,England,E92000001,2020-09-25,1860,117910
nation,England,E92000001,2020-09-26,,118155
nation,England,E92000001,2020-09-27,,118396
nation,England,E92000001,2020-09-28,,118704
nation,England,E92000001,2020-09-29,,119014
nation,England,E92000001,2020-09-30,,119342
nation,England,E92000001,2020-10-01,,119710
nation,England,E92000001,2020-10-02,2171,120081
nation,England,E92000001,2020-10-03,,120467
nation,England,E92000001,2020-10-04,,120945
nation,England,E92000001,2020-10-05,,121417
nation,England,E92000001,2020-10-06,,121941
nation,England,E92000001,2020-10-07,,122432
nation,England,E92000001,2020-10-08,,122945
nation,England,E92000001,2020-10-09,3408,123489
nation,England,E92000001,2020-10-10,,124004
nation,England,E92000001,2020-10-11,,124632
nation,England,E92000001,2020-10-12,,125296
nation,England,E92000001,2020-10-13,,126060
nation,England,E92000001,2020-10-14,,126766
nation,England,E92000001,2020-10-15,,127558
nation,England,E92000001,2020-10-16,4701,128190
nation,England,E92000001,2020-10-17,,128975
nation,England,E92000001,2020-10-18,,129845
nation,England,E92000001,2020-10-19,,130706
nation,England,E92000001,2020-10-20,,131631
nation,England,E92000001,2020-10-21,,132628
nation,England,E92000001,2020-10-22,,133615
nation,England,E92000001,2020-10-23,6422,134612
nation,England,E92000001,2020-10-24,,135602
nation,England,E92000001,2020-10-25,,136788
nation,England,E92000001,2020-10-26,,138067
nation,England,E92000001,2020-10-27,,139257
nation,England,E92000001,2020-10-28,,140496
nation,England,E92000001,2020-10-29,,141841
nation,England,E92000001,2020-10-30,8338,142950
nation,England,E92000001,2020-10-31,,144190
nation,England,E92000001,2020-11-01,,145470
nation,England,E92000001,2020-11-02,,146801
nation,England,E92000001,2020-11-03,,148047
nation,England,E92000001,2020-11-04,,149429
nation,England,E92000001,2020-11-05,,150775
nation,England,E92000001,2020-11-06,9007,151957
nation,England,E92000001,2020-11-07,,153276
nation,England,E92000001,2020-11-08,,154764
nation,England,E92000001,2020-11-09,,156315
nation,England,E92000001,2020-11-10,,157907
nation,England,E92000001,2020-11-11,,159618
nation,England,E92000001,2020-11-12,,161284
nation,England,E92000001,2020-11-13,10760,162717
nation,England,E92000001,2020-11-14,,164105
nation,England,E92000001,2020-11-15,,165572
nation,England,E92000001,2020-11-16,,167132
nation,England,E92000001,2020-11-17,,168623
nation,England,E92000001,2020-11-18,,170194
nation,England,E92000001,2020-11-19,,171678
nation,England,E92000001,2020-11-20,10277,172994
nation,England,E92000001,2020-11-21,,174249
nation,England,E92000001,2020-11-22,,175582
nation,England,E92000001,2020-11-23,,176967
nation,England,E92000001,2020-11-24,,178244
nation,England,E92000001,2020-11-25,,179659
nation,England,E92000001,2020-11-26,,180857
nation,England,E92000001,2020-11-27,8918,181912
nation,England,E92000001,2020-11-28,,182977
nation,England,E92000001,2020-11-29,,184192
nation,England,E92000001,2020-11-30,,185408
nation,England,E92000001,2020-12-01,,186679
nation,England,E92000001,2020-12-02,,187941
nation,England,E92000001,2020-12-03,,189278
nation,England,E92000001,2020-12-04,8614,190526
nation,England,E92000001,2020-12-05,,191712
nation,England,E92000001,2020-12-06,,193023
nation,England,E92000001,2020-12-07,,194489
nation,England,E92000001,2020-12-08,,196017
nation,England,E92000001,2020-12-09,,197567
nation,England,E92000001,2020-12-10,,199091
nation,England,E92000001,2020-12-11,10015,200541
nation,England,E92000001,2020-12-12,,202128
nation,England,E92000001,2020-12-13,,203709
nation,England,E92000001,2020-12-14,,205455
nation,England,E92000001,2020-12-15,,207185
nation,England,E92000001,2020-12-16,,208981
nation,England,E92000001,2020-12-17,,210854
nation,England,E92000001,2020-12-18,11985,212526
nation,England,E92000001,2020-12-19,,214338
nation,England,E92000001,2020-12-20,,216314
nation,England,E92000001,2020-12-21,,218429
nation,England,E92000001,2020-12-22,,220632
nation,England,E92000001,2020-12-23,,222612
nation,England,E92000001,2020-12-24,,224407
nation,England,E92000001,2020-12-25,13833,226359
nation,England,E92000001,2020-12-26,,228657
nation,England,E92000001,2020-12-27,,231229
nation,England,E92000001,2020-12-28,,234024
nation,England,E92000001,2020-12-29,,236910
nation,England,E92000001,2020-12-30,,239771
nation,England,E92000001,2020-12-31,,242307
nation,England,E92000001,2021-01-01,18958,245317
nation,England,E92000001,2021-01-02,,248462
nation,England,E92000001,2021-01-03,,251813
nation,England,E92000001,2021-01-04,,255400
nation,England,E92000001,2021-01-05,,259097
nation,England,E92000001,2021-01-06,,263064
nation,England,E92000001,2021-01-07,,266913
nation,England,E92000001,2021-01-08,25145,270462
nation,England,E92000001,2021-01-09,,274180
nation,England,E92000001,2021-01-10,,277751
nation,England,E92000001,2021-01-11,,281645
nation,England,E92000001,2021-01-12,,285779
nation,England,E92000001,2021-01-13,,289619
nation,England,E92000001,2021-01-14,,293297
nation,England,E92000001,2021-01-15,26130,296592
nation,England,E92000001,2021-01-16,,300161
nation,England,E92000001,2021-01-17,,303585
nation,England,E92000001,2021-01-18,,307296
nation,England,E92000001,2021-01-19,,311064
nation,England,E92000001,2021-01-20,,314743
nation,England,E92000001,2021-01-21,,317980
nation,England,E92000001,2021-01-22,24404,320996
nation,England,E92000001,2021-01-23,,323776
nation,England,E92000001,2021-01-24,,326600
nation,England,E92000001,2021-01-25,,329248
nation,England,E92000001,2021-01-26,,332047
nation,England,E92000001,2021-01-27,,334789
nation,England,E92000001,2021-01-28,,337508
nation,England,E92000001,2021-01-29,18891,339887
nation,England,E92000001,2021-01-30,,342080
nation,England,E92000001,2021-01-31,,344263
nation,England,E92000001,2021-02-01,,346610
nation,England,E92000001,2021-02-02,,348832
nation,England,E92000001,2021-02-03,,350928
nation,England,E92000001,2021-02-04,,352835
nation,England,E92000001,2021-02-05,14705,354592
nation,England,E92000001,2021-02-06,,356271
nation,England,E92000001,2021-02-07,,357946
nation,England,E92000001,2021-02-08,,359685
nation,England,E92000001,2021-02-09,,361216
nation,England,E92000001,2021-02-10,,362751
nation,England,E92000001,2021-02-11,,364191
nation,England,E92000001,2021-02-12,10917,365509
nation,England,E92000001,2021-02-13,,366749
nation,England,E92000001,2021-02-14,,368113
nation,England,E92000001,2021-02-15,,369435
nation,England,E92000001,2021-02-16,,370746
nation,England,E92000001,2021-02-17,,371979
nation,England,E92000001,2021-02-18,,373128
nation,England,E92000001,2021-02-19,8687,374196
nation,England,E92000001,2021-02-20,,375100
nation,England,E92000001,2021-02-21,,376108
nation,England,E92000001,2021-02-22,,377088
nation,England,E92000001,2021-02-23,,378064
nation,England,E92000001,2021-02-24,,378938
nation,England,E92000001,2021-02-25,,379770
nation,England,E92000001,2021-02-26,6292,380488
nation,England,E92000001,2021-02-27,,381112
nation,England,E92000001,2021-02-28,,381774
nation,England,E92000001,2021-03-01,,382478
nation,England,E92000001,2021-03-02,,383161
nation,England,E92000001,2021-03-03,,383768
nation,England,E92000001,2021-03-04,,384364
nation,England,E92000001,2021-03-05,4363,384851
nation,England,E92000001,2021-03-06,,385379
nation,England,E92000001,2021-03-07,,385840
nation,England,E92000001,2021-03-08,,386341
nation,England,E92000001,2021-03-09,,386824
nation,England,E92000001,2021-03-10,,387318
nation,England,E92000001,2021-03-11,,387767
nation,England,E92000001,2021-03-12,3302,388153
nation,England,E92000001,2021-03-13,,388538
nation,England,E92000001,2021-03-14,,388895
nation,England,E92000001,2021-03-15,,389326
nation,England,E92000001,2021-03-16,,389690
nation,England,E92000001,2021-03-17,,390033
nation,England,E92000001,2021-03-18,,390384
nation,England,E92000001,2021-03-19,2514,390667
nation,England,E92000001,2021-03-20,,390954
nation,England,E92000001,2021-03-21,,391233
nation,England,E92000001,2021-03-22,,391527
nation,England,E92000001,2021-03-23,,391822
nation,England,E92000001,2021-03-24,,392099
nation,England,E92000001,2021-03-25,,392387
nation,England,E92000001,2021-03-26,1965,392632
nation,England,E92000001,2021-03-27,,392849
nation,England,E92000001,2021-03-28,,393070
nation,England,E92000001,2021-03-29,,393276
nation,England,E92000001,2021-03-30,,393493
nation,England,E92000001,2021-03-31,,393718
nation,England,E92000001,2021-04-01,,393898
nation,England,E92000001,2021-04-02,1444,394076
nation,England,E92000001,2021-04-03,,394255
nation,England,E92000001,2021-04-04,,394411
nation,England,E92000001,2021-04-05,,394599
nation,England,E92000001,2021-04-06,,394782
nation,England,E92000001,2021-04-07,,394971
nation,England,E92000001,2021-04-08,,395138
nation,England,E92000001,2021-04-09,1229,395305
nation,England,E92000001,2021-04-10,,395456
nation,England,E92000001,2021-04-11,,395631
nation,England,E92000001,2021-04-12,,395804
nation,England,E92000001,2021-04-13,,395957
nation,England,E92000001,2021-04-14,,396113
nation,England,E92000001,2021-04-15,,396240
nation,England,E92000001,2021-04-16,1053,396358
nation,England,E92000001,2021-04-17,,396493
nation,England,E92000001,2021-04-18,,396605
nation,England,E92000001,2021-04-19,,396743
nation,England,E92000001,2021-04-20,,396841
nation,England,E92000001,2021-04-21,,396967
nation,England,E92000001,2021-04-22,,397059
nation,England,E92000001,2021-04-23,825,397183
nation,England,E92000001,2021-04-24,,397282
nation,England,E92000001,2021-04-25,,397389
nation,England,E92000001,2021-04-26,,397497
nation,England,E92000001,2021-04-27,,397625
nation,England,E92000001,2021-04-28,,397714
nation,England,E92000001,2021-04-29,,397794
nation,England,E92000001,2021-04-30,693,397876
nation,England,E92000001,2021-05-01,,397944
nation,England,E92000001,2021-05-02,,398036
nation,England,E92000001,2021-05-03,,398134
nation,England,E92000001,2021-05-04,,398210
nation,England,E92000001,2021-05-05,,398306
nation,England,E92000001,2021-05-06,,398394
nation,England,E92000001,2021-05-07,595,398471
nation,England,E92000001,2021-05-08,,398551
nation,England,E92000001,2021-05-09,,398627
nation,England,E92000001,2021-05-10,,398703
nation,England,E92000001,2021-05-11,,398782
nation,England,E92000001,2021-05-12,,398875
nation,England,E92000001,2021-05-13,,398949
nation,England,E92000001,2021-05-14,550,399021
nation,England,E92000001,2021-05-15,,399091
nation,England,E92000001,2021-05-16,,399150
nation,England,E92000001,2021-05-17,,399224
nation,England,E92000001,2021-05-18,,399314
nation,England,E92000001,2021-05-19,,399407
nation,England,E92000001,2021-05-20,,399505
nation,England,E92000001,2021-05-21,569,399590
nation,England,E92000001,2021-05-22,,399665
nation,England,E92000001,2021-05-23,,399742
nation,England,E92000001,2021-05-24,,399840
nation,England,E92000001,2021-05-25,,399928
nation,England,E92000001,2021-05-26,,400023
nation,England,E92000001,2021-05-27,,400106
nation,England,E92000001,2021-05-28,608,400198
nation,England,E92000001,2021-05-29,,400267
nation,England,E92000001,2021-05-30,,400347
nation,England,E92000001,2021-05-31,,400445
nation,England,E92000001,2021-06-01,,400560
nation,England,E92000001,2021-06-02,,400661
nation,England,E92000001,2021-06-03,,400754
nation,England,E92000001,2021-06-04,652,400850
nation,England,E92000001,2021-06-05,,400946
nation,England,E92000001,2021-06-06,,401067
nation,England,E92000001,2021-06-07,,401198
nation,England,E92000001,2021-06-08,,401345
nation,England,E92000001,2021-06-09,,401503
nation,England,E92000001,2021-06-10,,401665
nation,England,E92000001,2021-06-11,959,401809
nation,England,E92000001,2021-06-12,,401946
nation,England,E92000001,2021-06-13,,402133
nation,England,E92000001,2021-06-14,,402318
nation,England,E92000001,2021-06-15,,402506
nation,England,E92000001,2021-06-16,,402683
nation,England,E92000001,2021-06-17,,402885
nation,England,E92000001,2021-06-18,1261,403070
nation,England,E92000001,2021-06-19,,403248
nation,England,E92000001,2021-06-20,,403419
nation,England,E92000001,2021-06-21,,403600
nation,England,E92000001,2021-06-22,,403782
nation,England,E92000001,2021-06-23,,403996
nation,England,E92000001,2021-06-24,,404190
nation,England,E92000001,2021-06-25,1326,404396
nation,England,E92000001,2021-06-26,,404619
nation,England,E92000001,2021-06-27,,404845
nation,England,E92000001,2021-06-28,,405089
nation,England,E92000001,2021-06-29,,405372
nation,England,E92000001,2021-06-30,,405703
nation,England,E92000001,2021-07-01,,405998
nation,England,E92000001,2021-07-02,1909,406305
nation,England,E92000001,2021-07-03,,406628
nation,England,E92000001,2021-07-04,,407018
nation,England,E92000001,2021-07-05,,407434
nation,England,E92000001,2021-07-06,,407892
nation,England,E92000001,2021-07-07,,408353
nation,England,E92000001,2021-07-08,,408841
nation,England,E92000001,2021-07-09,2987,409292
nation,England,E92000001,2021-07-10,,409734
nation,England,E92000001,2021-07-11,,410236
nation,England,E92000001,2021-07-12,,410846
nation,England,E92000001,2021-07-13,,411467
nation,England,E92000001,2021-07-14,,412103
nation,England,E92000001,2021-07-15,,412761
nation,England,E92000001,2021-07-16,4062,413354
nation,England,E92000001,2021-07-17,,413976
nation,England,E92000001,2021-07-18,,414674
nation,England,E92000001,2021-07-19,,415426
nation,England,E92000001,2021-07-20,,416231
nation,England,E92000001,2021-07-21,,417014
nation,England,E92000001,2021-07-22,,417841
nation,England,E92000001,2021-07-23,5212,418566
nation,England,E92000001,2021-07-24,,419300
nation,England,E92000001,2021-07-25,,420136
nation,England,E92000001,2021-07-26,,420966
nation,England,E92000001,2021-07-27,,421782
nation,England,E92000001,2021-07-28,,422510
nation,England,E92000001,2021-07-29,,423268
nation,England,E92000001,2021-07-30,5352,423918
nation,England,E92000001,2021-07-31,,424511
nation,England,E92000001,2021-08-01,,425156
nation,England,E92000001,2021-08-02,,425842
nation,England,E92000001,2021-08-03,,426522
nation,England,E92000001,2021-08-04,,427269
nation,England,E92000001,2021-08-05,,427962
nation,England,E92000001,2021-08-06,4701,428619
nation,England,E92000001,2021-08-07,,429249
nation,England,E92000001,2021-08-08,,429900
nation,England,E92000001,2021-08-09,,430565
nation,England,E92000001,2021-08-10,,431325
nation,England,E92000001,2021-08-11,,432072
nation,England,E92000001,2021-08-12,,432830
nation,England,E92000001,2021-08-13,4905,433524
nation,England,E92000001,2021-08-14,,434213
nation,England,E92000001,2021-08-15,,434932
nation,England,E92000001,2021-08-16,,435708
nation,England,E92000001,2021-08-17,,436540
nation,England,E92000001,2021-08-18,,437335
nation,England,E92000001,2021-08-19,,438159
nation,England,E92000001,2021-08-20,5368,438892
nation,England,E92000001,2021-08-21,,439649
nation,England,E92000001,2021-08-22,,440375
nation,England,E92000001,2021-08-23,,441206
nation,England,E92000001,2021-08-24,,442024
nation,England,E92000001,2021-08-25,,442867
nation,England,E92000001,2021-08-26,,443644
nation,England,E92000001,2021-08-27,5501,444393
nation,England,E92000001,2021-08-28,,445081
nation,England,E92000001,2021-08-29,,445782
nation,England,E92000001,2021-08-30,,446590
nation,England,E92000001,2021-08-31,,447388
nation,England,E92000001,2021-09-01,,448223
nation,England,E92000001,2021-09-02,,449011
nation,England,E92000001,2021-09-03,5306,449699
nation,England,E92000001,2021-09-04,,450451
nation,England,E92000001,2021-09-05,,451142
nation,England,E92000001,2021-09-06,,451973
nation,England,E92000001,2021-09-07,,452774
nation,England,E92000001,2021-09-08,,453674
nation,England,E92000001,2021-09-09,,454464
nation,England,E92000001,2021-09-10,5445,455144
nation,England,E92000001,2021-09-11,,455793
nation,England,E92000001,2021-09-12,,456451
nation,England,E92000001,2021-09-13,,457139
nation,England,E92000001,2021-09-14,,457840
nation,England,E92000001,2021-09-15,,458531
nation,England,E92000001,2021-09-16,,459203
nation,England,E92000001,2021-09-17,4599,459743
nation,England,E92000001,2021-09-18,,460303
nation,England,E92000001,2021-09-19,,460875
nation,England,E92000001,2021-09-20,,461481
nation,England,E92000001,2021-09-21,,462083
nation,England,E92000001,2021-09-22,,462655
nation,England,E92000001,2021-09-23,,463232
nation,England,E92000001,2021-09-24,4046,463789
nation,England,E92000001,2021-09-25,,464309
nation,England,E92000001,2021-09-26,,464844
nation,England,E92000001,2021-09-27,,465461
nation,England,E92000001,2021-09-28,,466057
nation,England,E92000001,2021-09-29,,466682
nation,England,E92000001,2021-09-30,,467234
nation,England,E92000001,2021-10-01,3965,467754
nation,England,E92000001,2021-10-02,,468303
nation,England,E92000001,2021-10-03,,468880
nation,England,E92000001,2021-10-04,,469507
nation,England,E92000001,2021-10-05,,470165
nation,England,E92000001,2021-10-06,,470797
nation,England,E92000001,2021-10-07,,471431
nation,England,E92000001,2021-10-08,4296,472050
nation,England,E92000001,2021-10-09,,472663
nation,England,E92000001,2021-10-10,,473269
nation,England,E92000001,2021-10-11,,473954
nation,England,E92000001,2021-10-12,,474714
nation,England,E92000001,2021-10-13,,475466
nation,England,E92000001,2021-10-14,,476196
nation,England,E92000001,2021-10-15,4898,476948
nation,England,E92000001,2021-10-16,,477691
nation,England,E92000001,2021-10-17,,478519
nation,England,E92000001,2021-10-18,,479415
nation,England,E92000001,2021-10-19,,480309
nation,England,E92000001,2021-10-20,,481212
nation,England,E92000001,2021-10-21,,482011
nation,England,E92000001,2021-10-22,5823,482771
nation,England,E92000001,2021-10-23,,483527
nation,England,E92000001,2021-10-24,,484356
nation,England,E92000001,2021-10-25,,485221
nation,England,E92000001,2021-10-26,,486132
nation,England,E92000001,2021-10-27,,487087
nation,England,E92000001,2021-10-28,,487975
nation,England,E92000001,2021-10-29,6044,488815
nation,England,E92000001,2021-10-30,,489556
nation,England,E92000001,2021-10-31,,490416
nation,England,E92000001,2021-11-01,,491315
nation,England,E92000001,2021-11-02,,492206
nation,England,E92000001,2021-11-03,,493013
nation,England,E92000001,2021-11-04,,493730
nation,England,E92000001,2021-11-05,5601,494416
nation,England,E92000001,2021-11-06,,495104
nation,England,E92000001,2021-11-07,,495843
nation,England,E92000001,2021-11-08,,496693
nation,England,E92000001,2021-11-09,,497501
nation,England,E92000001,2021-11-10,,498322
nation,England,E92000001,2021-11-11,,499119
nation,England,E92000001,2021-11-12,5432,499848
nation,England,E92000001,2021-11-13,,500503
nation,England,E92000001,2021-11-14,,501181
nation,England,E92000001,2021-11-15,,501876
nation,England,E92000001,2021-11-16,,502589
nation,England,E92000001,2021-11-17,,503316
nation,England,E92000001,2021-11-18,,504013
nation,England,E92000001,2021-11-19,4802,504650
nation,England,E92000001,2021-11-20,,505261
nation,England,E92000001,2021-11-21,,505909
nation,England,E92000001,2021-11-22,,506511
nation,England,E92000001,2021-11-23,,507170
nation,England,E92000001,2021-11-24,,507922
nation,England,E92000001,2021-11-25,,508572
nation,England,E92000001,2021-11-26,4542,509192
nation,England,E92000001,2021-11-27,,509801
nation,England,E92000001,2021-11-28,,510408
nation,England,E92000001,2021-11-29,,511077
nation,England,E92000001,2021-11-30,,511776
nation,England,E92000001,2021-12-01,,512474
nation,England,E92000001,2021-12-02,,513193
nation,England,E92000001,2021-12-03,4625,513817
nation,England,E92000001,2021-12-04,,514452
nation,England,E92000001,2021-12-05,,515180
nation,England,E92000001,2021-12-06,,515916
nation,England,E92000001,2021-12-07,,516715
nation,England,E92000001,2021-12-08,,517469
nation,England,E92000001,2021-12-09,,518268
nation,England,E92000001,2021-12-10,5158,518975
nation,England,E92000001,2021-12-11,,519671
nation,England,E92000001,2021-12-12,,520443
nation,England,E92000001,2021-12-13,,521237
nation,England,E92000001,2021-12-14,,522052
nation,England,E92000001,2021-12-15,,522857
nation,England,E92000001,2021-12-16,,523634
nation,England,E92000001,2021-12-17,5402,524377
nation,England,E92000001,2021-12-18,,525112
nation,England,E92000001,2021-12-19,,526038
nation,England,E92000001,2021-12-20,,527099
nation,England,E92000001,2021-12-21,,528197
nation,England,E92000001,2021-12-22,,529443
nation,England,E92000001,2021-12-23,,530695
nation,England,E92000001,2021-12-24,7338,531715
nation,England,E92000001,2021-12-25,,532996
nation,England,E92000001,2021-12-26,,534370
nation,England,E92000001,2021-12-27,,536121
nation,England,E92000001,2021-12-28,,538203
nation,England,E92000001,2021-12-29,,540573
nation,England,E92000001,2021-12-30,,542687
nation,England,E92000001,2021-12-31,12753,544468
nation,England,E92000001,2022-01-01,,546287
nation,England,E92000001,2022-01-02,,548168
nation,England,E92000001,2022-01-03,,550387
nation,England,E92000001,2022-01-04,,552488
nation,England,E92000001,2022-01-05,,554627
nation,England,E92000001,2022-01-06,,556670
nation,England,E92000001,2022-01-07,13974,558442
nation,England,E92000001,2022-01-08,,560304
nation,England,E92000001,2022-01-09,,562279
nation,England,E92000001,2022-01-10,,564459
nation,England,E92000001,2022-01-11,,566586
nation,England,E92000001,2022-01-12,,568541
nation,England,E92000001,2022-01-13,,570457
nation,England,E92000001,2022-01-14,13707,572149
nation,England,E92000001,2022-01-15,,573753
nation,England,E92000001,2022-01-16,,575521
nation,England,E92000001,2022-01-17,,577329
nation,England,E92000001,2022-01-18,,579123
nation,England,E92000001,2022-01-19,,580901
nation,England,E92000001,2022-01-20,,582599
nation,England,E92000001,2022-01-21,11903,584052
nation,England,E92000001,2022-01-22,,585329
nation,England,E92000001,2022-01-23,,586864
nation,England,E92000001,2022-01-24,,588457
nation,England,E92000001,2022-01-25,,590138
nation,England,E92000001,2022-01-26,,591827
nation,England,E92000001,2022-01-27,,593330
nation,England,E92000001,2022-01-28,10620,594672
nation,England,E92000001,2022-01-29,,595997
nation,England,E92000001,2022-01-30,,597282
nation,England,E92000001,2022-01-31,,598733
nation,England,E92000001,2022-02-01,,600270
nation,England,E92000001,2022-02-02,,601721
nation,England,E92000001,2022-02-03,,603013
nation,England,E92000001,2022-02-04,9527,604199
nation,England,E92000001,2022-02-05,,605276
nation,England,E92000001,2022-02-06,,606487
nation,England,E92000001,2022-02-07,,607721
nation,England,E92000001,2022-02-08,,608987
nation,England,E92000001,2022-02-09,,610207
nation,England,E92000001,2022-02-10,,611374
nation,England,E92000001,2022-02-11,8171,612370
nation,England,E92000001,2022-02-12,,613359
nation,England,E92000001,2022-02-13,,614388
nation,England,E92000001,2022-02-14,,615520
nation,England,E92000001,2022-02-15,,616664
nation,England,E92000001,2022-02-16,,617784
nation,England,E92000001,2022-02-17,,618755
nation,England,E92000001,2022-02-18,7285,619655
nation,England,E92000001,2022-02-19,,620489
nation,England,E92000001,2022-02-20,,621460
nation,England,E92000001,2022-02-21,,622490
nation,England,E92000001,2022-02-22,,623466
nation,England,E92000001,2022-02-23,,624442
nation,England,E92000001,2022-02-24,,625426
nation,England,E92000001,2022-02-25,6612,626267
nation,England,E92000001,2022-02-26,,627155
nation,England,E92000001,2022-02-27,,628104
nation,England,E92000001,2022-02-28,,629249
nation,England,E92000001,2022-03-01,,630360
nation,England,E92000001,2022-03-02,,631544
nation,England,E92000001,2022-03-03,,632770
nation,England,E92000001,2022-03-04,7547,633814
nation,England,E92000001,2022-03-05,,634864
nation,England,E92000001,2022-03-06,,636124
nation,England,E92000001,2022-03-07,,637402
nation,England,E92000001,2022-03-08,,638791
nation,England,E92000001,2022-03-09,,640312
nation,England,E92000001,2022-03-10,,641726
nation,England,E92000001,2022-03-11,9324,643138
nation,England,E92000001,2022-03-12,,644506
nation,England,E92000001,2022-03-13,,646097
nation,England,E92000001,2022-03-14,,647748
nation,England,E92000001,2022-03-15,,649548
nation,England,E92000001,2022-03-16,,651371
nation,England,E92000001,2022-03-17,,653109
nation,England,E92000001,2022-03-18,11600,654738
nation,England,E92000001,2022-03-19,,656551
nation,England,E92000001,2022-03-20,,658344
nation,England,E92000001,2022-03-21,,660328
nation,England,E92000001,2022-03-22,,662426
nation,England,E92000001,2022-03-23,,664563
nation,England,E92000001,2022-03-24,,666569
nation,England,E92000001,2022-03-25,13756,668494
nation,England,E92000001,2022-03-26,,670363
nation,England,E92000001,2022-03-27,,672400
nation,England,E92000001,2022-03-28,,674680
nation,England,E92000001,2022-03-29,,676899
nation,England,E92000001,2022-03-30,,679254
nation,England,E92000001,2022-03-31,,681378
nation,England,E92000001,2022-04-01,14730,683224
nation,England,E92000001,2022-04-02,,685050
nation,England,E92000001,2022-04-03,,687153
nation,England,E92000001,2022-04-04,,689317
nation,England,E92000001,2022-04-05,,691625
nation,England,E92000001,2022-04-06,,693801
nation,England,E92000001,2022-04-07,,695800
nation,England,E92000001,2022-04-08,14327,697551
nation,England,E92000001,2022-04-09,,699253
nation,England,E92000001,2022-04-10,,701045
nation,England,E92000001,2022-04-11,,702954
nation,England,E92000001,2022-04-12,,704957
nation,England,E92000001,2022-04-13,,706855
nation,England,E92000001,2022-04-14,,708517
nation,England,E92000001,2022-04-15,12382,709933
nation,England,E92000001,2022-04-16,,711221
nation,England,E92000001,2022-04-17,,712568
nation,England,E92000001,2022-04-18,,714074
nation,England,E92000001,2022-04-19,,715509
nation,England,E92000001,2022-04-20,,716831
nation,England,E92000001,2022-04-21,,718095
nation,England,E92000001,2022-04-22,9346,719279
nation,England,E92000001,2022-04-23,,720366
nation,England,E92000001,2022-04-24,,721443
nation,England,E92000001,2022-04-25,,722581
nation,England,E92000001,2022-04-26,,723681
nation,England,E92000001,2022-04-27,,724763
nation,England,E92000001,2022-04-28,,725699
nation,England,E92000001,2022-04-29,7292,726571
nation,England,E92000001,2022-04-30,,727289
nation,England,E92000001,2022-05-01,,728096
nation,England,E92000001,2022-05-02,,728924
nation,England,E92000001,2022-05-03,,729817
nation,England,E92000001,2022-05-04,,730690
nation,England,E92000001,2022-05-05,,731467
nation,England,E92000001,2022-05-06,5617,732188
nation,England,E92000001,2022-05-07,,732795
nation,England,E92000001,2022-05-08,,733464
nation,England,E92000001,2022-05-09,,734195
nation,England,E92000001,2022-05-10,,734921
nation,England,E92000001,2022-05-11,,735592
nation,England,E92000001,2022-05-12,,736272
nation,England,E92000001,2022-05-13,4626,736814
nation,England,E92000001,2022-05-14,,737367
nation,England,E92000001,2022-05-15,,737933
nation,England,E92000001,2022-05-16,,738522
nation,England,E92000001,2022-05-17,,739098
nation,England,E92000001,2022-05-18,,739724
nation,England,E92000001,2022-05-19,,740297
nation,England,E92000001,2022-05-20,3933,740747
nation,England,E92000001,2022-05-21,,741134
nation,England,E92000001,2022-05-22,,741597
nation,England,E92000001,2022-05-23,,742102
nation,England,E92000001,2022-05-24,,742563
nation,England,E92000001,2022-05-25,,743038
nation,England,E92000001,2022-05-26,,743459
nation,England,E92000001,2022-05-27,3154,743901
nation,England,E92000001,2022-05-28,,744283
nation,England,E92000001,2022-05-29,,744711
nation,England,E92000001,2022-05-30,,745176
nation,England,E92000001,2022-05-31,,745678
nation,England,E92000001,2022-06-01,,746158
nation,England,E92000001,2022-06-02,,746570
nation,England,E92000001,2022-06-03,3073,746974
nation,England,E92000001,2022-06-04,,747417
nation,England,E92000001,2022-06-05,,747948
nation,England,E92000001,2022-06-06,,748554
nation,England,E92000001,2022-06-07,,749131
nation,England,E92000001,2022-06-08,,749795
nation,England,E92000001,2022-06-09,,750422
nation,England,E92000001,2022-06-10,4037,751011
nation,England,E92000001,2022-06-11,,751594
nation,England,E92000001,2022-06-12,,752253
nation,England,E92000001,2022-06-13,,752975
nation,England,E92000001,2022-06-14,,753738
nation,England,E92000001,2022-06-15,,754580
nation,England,E92000001,2022-06-16,,755402
nation,England,E92000001,2022-06-17,5220,756231
nation,England,E92000001,2022-06-18,,757028
nation,England,E92000001,2022-06-19,,757970
nation,England,E92000001,2022-06-20,,759025
nation,England,E92000001,2022-06-21,,760180
nation,England,E92000001,2022-06-22,,761313
nation,England,E92000001,2022-06-23,,762523
nation,England,E92000001,2022-06-24,7364,763595
nation,England,E92000001,2022-06-25,,764606
nation,England,E92000001,2022-06-26,,765882
nation,England,E92000001,2022-06-27,,767320
nation,England,E92000001,2022-06-28,,768774
nation,England,E92000001,2022-06-29,,770346
nation,England,E92000001,2022-06-30,,771942
nation,England,E92000001,2022-07-01,9673,773268
nation,England,E92000001,2022-07-02,,774642
nation,England,E92000001,2022-07-03,,776437
nation,England,E92000001,2022-07-04,,778348
nation,England,E92000001,2022-07-05,,780274
nation,England,E92000001,2022-07-06,,782219
nation,England,E92000001,2022-07-07,,784186
nation,England,E92000001,2022-07-08,12614,785882
nation,England,E92000001,2022-07-09,,787483
nation,England,E92000001,2022-07-10,,789372
nation,England,E92000001,2022-07-11,,791377
nation,England,E92000001,2022-07-12,,793322
nation,England,E92000001,2022-07-13,,795268
nation,England,E92000001,2022-07-14,,797107
nation,England,E92000001,2022-07-15,12712,798594
nation,England,E92000001,2022-07-16,,799967
nation,England,E92000001,2022-07-17,,801661
nation,England,E92000001,2022-07-18,,803415
nation,England,E92000001,2022-07-19,,805249
nation,England,E92000001,2022-07-20,,806964
nation,England,E92000001,2022-07-21,,808514
nation,England,E92000001,2022-07-22,11151,809745
nation,England,E92000001,2022-07-23,,810884
nation,England,E92000001,2022-07-24,,812191
nation,England,E92000001,2022-07-25,,813536
nation,England,E92000001,2022-07-26,,814854
nation,England,E92000001,2022-07-27,,816051
nation,England,E92000001,2022-07-28,,817216
nation,England,E92000001,2022-07-29,8467,818212
nation,England,E92000001,2022-07-30,,819148
nation,England,E92000001,2022-07-31,,820286
nation,England,E92000001,2022-08-01,,821406
nation,England,E92000001,2022-08-02,,822468
nation,England,E92000001,2022-08-03,,823527
nation,England,E92000001,2022-08-04,,824544
nation,England,E92000001,2022-08-05,7242,825454
nation,England,E92000001,2022-08-06,,826229
nation,England,E92000001,2022-08-07,,827128
nation,England,E92000001,2022-08-08,,828103
nation,England,E92000001,2022-08-09,,829076
nation,England,E92000001,2022-08-10,,830085
nation,England,E92000001,2022-08-11,,830986
nation,England,E92000001,2022-08-12,6272,831726
nation,England,E92000001,2022-08-13,,832488
nation,England,E92000001,2022-08-14,,833247
nation,England,E92000001,2022-08-15,,834108
nation,England,E92000001,2022-08-16,,834926
nation,England,E92000001,2022-08-17,,835714
nation,England,E92000001,2022-08-18,,836406
nation,England,E92000001,2022-08-19,5328,837054
nation,England,E92000001,2022-08-20,,837639
nation,England,E92000001,2022-08-21,,838244
nation,England,E92000001,2022-08-22,,838914
nation,England,E92000001,2022-08-23,,839621
nation,England,E92000001,2022-08-24,,840264
nation,England,E92000001,2022-08-25,,840910
nation,England,E92000001,2022-08-26,4368,841422
nation,England,E92000001,2022-08-27,,841897
nation,England,E92000001,2022-08-28,,842436
nation,England,E92000001,2022-08-29,,843038
nation,England,E92000001,2022-08-30,,843650
nation,England,E92000001,2022-08-31,,844230
nation,England,E92000001,2022-09-01,,844764
nation,England,E92000001,2022-09-02,3808,845230
nation,England,E92000001,2022-09-03,,845669
nation,England,E92000001,2022-09-04,,846140
nation,England,E92000001,2022-09-05,,846666
nation,England,E92000001,2022-09-06,,847203
nation,England,E92000001,2022-09-07,,847744
nation,England,E92000001,2022-09-08,,848252
nation,England,E92000001,2022-09-09,3444,848674
nation,England,E92000001,2022-09-10,,849082
nation,England,E92000001,2022-09-11,,849581
nation,England,E92000001,2022-09-12,,850100
nation,England,E92000001,2022-09-13,,850680
nation,England,E92000001,2022-09-14,,851266
nation,England,E92000001,2022-09-15,,851819
nation,England,E92000001,2022-09-16,3621,852295
nation,England,E92000001,2022-09-17,,852779
nation,England,E92000001,2022-09-18,,853334
nation,England,E92000001,2022-09-19,,854115
nation,England,E92000001,2022-09-20,,854941
nation,England,E92000001,2022-09-21,,855799
nation,England,E92000001,2022-09-22,,856645
nation,England,E92000001,2022-09-23,5054,857349
nation,England,E92000001,2022-09-24,,858076
nation,England,E92000001,2022-09-25,,859047
nation,England,E92000001,2022-09-26,,860045
nation,England,E92000001,2022-09-27,,861090
nation,England,E92000001,2022-09-28,,862224
nation,England,E92000001,2022-09-29,,863382
nation,England,E92000001,2022-09-30,6903,864252
nation,England,E92000001,2022-10-01,,865343
nation,England,E92000001,2022-10-02,,866605
nation,England,E92000001,2022-10-03,,867949
nation,England,E92000001,2022-10-04,,869367
nation,England,E92000001,2022-10-05,,870626
nation,England,E92000001,2022-10-06,,871789
nation,England,E92000001,2022-10-07,8483,872735
nation,England,E92000001,2022-10-08,,873620
nation,England,E92000001,2022-10-09,,874872
nation,England,E92000001,2022-10-10,,876147
nation,England,E92000001,2022-10-11,,877354
nation,England,E92000001,2022-10-12,,878504
nation,England,E92000001,2022-10-13,,879751
nation,England,E92000001,2022-10-14,7994,880729
nation,England,E92000001,2022-10-15,,881629
nation,England,E92000001,2022-10-16,,882835
nation,England,E92000001,2022-10-17,,883956
nation,England,E92000001,2022-10-18,,885057
nation,England,E92000001,2022-10-19,,886121
nation,England,E92000001,2022-10-20,,887174
nation,England,E92000001,2022-10-21,7276,888005
nation,England,E92000001,2022-10-22,,888790
nation,England,E92000001,2022-10-23,,889674
nation,England,E92000001,2022-10-24,,890544
nation,England,E92000001,2022-10-25,,891407
nation,England,E92000001,2022-10-26,,892264
nation,England,E92000001,2022-10-27,,893037
nation,England,E92000001,2022-10-28,5590,893595
nation,England,E92000001,2022-10-29,,894113
nation,England,E92000001,2022-10-30,,894753
nation,England,E92000001,2022-10-31,,895383
nation,England,E92000001,2022-11-01,,896072
nation,England,E92000001,2022-11-02,,896643
nation,England,E92000001,2022-11-03,,897211
nation,England,E92000001,2022-11-04,4026,897621
nation,England,E92000001,2022-11-05,,898017
nation,England,E92000001,2022-11-06,,898517
nation,England,E92000001,2022-11-07,,899115
nation,England,E92000001,2022-11-08,,899665
nation,England,E92000001,2022-11-09,,900200
nation,England,E92000001,2022-11-10,,900750
nation,England,E92000001,2022-11-11,3564,901185
nation,England,E92000001,2022-11-12,,901555
nation,England,E92000001,2022-11-13,,902000
nation,England,E92000001,2022-11-14,,902522
nation,England,E92000001,2022-11-15,,903016
nation,England,E92000001,2022-11-16,,903558
nation,England,E92000001,2022-11-17,,904074
nation,England,E92000001,2022-11-18,3326,904511
nation,England,E92000001,2022-11-19,,904906
nation,England,E92000001,2022-11-20,,905340
nation,England,E92000001,2022-11-21,,905843
nation,England,E92000001,2022-11-22,,906390
nation,England,E92000001,2022-11-23,,906926
nation,England,E92000001,2022-11-24,,907448
nation,England,E92000001,2022-11-25,3380,907891
nation,England,E92000001,2022-11-26,,908329
nation,England,E92000001,2022-11-27,,908886
nation,England,E92000001,2022-11-28,,909525
nation,England,E92000001,2022-11-29,,910186
nation,England,E92000001,2022-11-30,,910776
nation,England,E92000001,2022-12-01,,911359
nation,England,E92000001,2022-12-02,3936,911827
nation,England,E92000001,2022-12-03,,912325
nation,England,E92000001,2022-12-04,,912914
nation,England,E92000001,2022-12-05,,913638
nation,England,E92000001,2022-12-06,,914417
nation,England,E92000001,2022-12-07,,915165
nation,England,E92000001,2022-12-08,,915862
nation,England,E92000001,2022-12-09,4642,916469
nation,England,E92000001,2022-12-10,,917051
nation,England,E92000001,2022-12-11,,917923
nation,England,E92000001,2022-12-12,,918888
nation,England,E92000001,2022-12-13,,919914
nation,England,E92000001,2022-12-14,,920877
nation,England,E92000001,2022-12-15,,921941
nation,England,E92000001,2022-12-16,6306,922775
nation,England,E92000001,2022-12-17,,923574
nation,England,E92000001,2022-12-18,,924750
nation,England,E92000001,2022-12-19,,926046
nation,England,E92000001,2022-12-20,,927422
nation,England,E92000001,2022-12-21,,928715
nation,England,E92000001,2022-12-22,,929951
nation,England,E92000001,2022-12-23,8075,930850
nation,England,E92000001,2022-12-24,,931630
nation,England,E92000001,2022-12-25,,932474
nation,England,E92000001,2022-12-26,,933462
nation,England,E92000001,2022-12-27,,934596
nation,England,E92000001,2022-12-28,,935841
nation,England,E92000001,2022-12-29,,937066
nation,England,E92000001,2022-12-30,7156,938006
nation,England,E92000001,2022-12-31,,938729
nation,England,E92000001,2023-01-01,,939513
nation,England,E92000001,2023-01-02,,940429
nation,England,E92000001,2023-01-03,,941421
nation,England,E92000001,2023-01-04,,942343
nation,England,E92000001,2023-01-05,,943242
nation,England,E92000001,2023-01-06,5941,943947
nation,England,E92000001,2023-01-07,,944575
nation,England,E92000001,2023-01-08,,945351
nation,England,E92000001,2023-01-09,,946088
nation,England,E92000001,2023-01-10,,946749
nation,England,E92000001,2023-01-11,,947441
nation,England,E92000001,2023-01-12,,948105
nation,England,E92000001,2023-01-13,4668,948615
nation,England,E92000001,2023-01-14,,949032
nation,England,E92000001,2023-01-15,,949599
nation,England,E92000001,2023-01-16,,950198
nation,England,E92000001,2023-01-17,,950763
nation,England,E92000001,2023-01-18,,951358
nation,England,E92000001,2023-01-19,,951976
nation,England,E92000001,2023-01-20,3808,952423
nation,England,E92000001,2023-01-21,,952916
nation,England,E92000001,2023-01-22,,953506
nation,England,E92000001,2023-01-23,,954123
nation,England,E92000001,2023-01-24,,954818
nation,England,E92000001,2023-01-25,,955524
nation,England,E92000001,2023-01-26,,956178
nation,England,E92000001,2023-01-27,4313,956736
nation,England,E92000001,2023-01-28,,957298
nation,England,E92000001,2023-01-29,,958003
nation,England,E92000001,2023-01-30,,958744
nation,England,E92000001,2023-01-31,,959496
nation,England,E92000001,2023-02-01,,960276
nation,England,E92000001,2023-02-02,,960989
nation,England,E92000001,2023-02-03,4826,961562
nation,England,E92000001,2023-02-04,,962230
nation,England,E92000001,2023-02-05,,962977
nation,England,E92000001,2023-02-06,,963802
nation,England,E92000001,2023-02-07,,964619
nation,England,E92000001,2023-02-08,,965387
nation,England,E92000001,2023-02-09,,966205
nation,England,E92000001,2023-02-10,5286,966848
nation,England,E92000001,2023-02-11,,967591
nation,England,E92000001,2023-02-12,,968457
nation,England,E92000001,2023-02-13,,969406
nation,England,E92000001,2023-02-14,,970318
nation,England,E92000001,2023-02-15,,971296
nation,England,E92000001,2023-02-16,,972255
nation,England,E92000001,2023-02-17,6192,973040
nation,England,E92000001,2023-02-18,,973789
nation,England,E92000001,2023-02-19,,974701
nation,England,E92000001,2023-02-20,,975684
nation,England,E92000001,2023-02-21,,976651
nation,England,E92000001,2023-02-22,,977530
nation,England,E92000001,2023-02-23,,978375
nation,England,E92000001,2023-02-24,6000,979040
nation,England,E92000001,2023-02-25,,979769
nation,England,E92000001,2023-02-26,,980662
nation,England,E92000001,2023-02-27,,981595
nation,England,E92000001,2023-02-28,,982537
nation,England,E92000001,2023-03-01,,983530
nation,England,E92000001,2023-03-02,,984477
nation,England,E92000001,2023-03-03,6187,985227
nation,England,E92000001,2023-03-04,,985970
nation,England,E92000001,2023-03-05,,986844
nation,England,E92000001,2023-03-06,,987883
nation,England,E92000001,2023-03-07,,988928
nation,England,E92000001,2023-03-08,,990050
nation,England,E92000001,2023-03-09,,991028
nation,England,E92000001,2023-03-10,6584,991811
nation,England,E92000001,2023-03-11,,992681
nation,England,E92000001,2023-03-12,,993752
nation,England,E92000001,2023-03-13,,994941
nation,England,E92000001,2023-03-14,,996041
nation,England,E92000001,2023-03-15,,997052
nation,England,E92000001,2023-03-16,,998128
nation,England,E92000001,2023-03-17,7159,998970
nation,England,E92000001,2023-03-18,,999823
nation,England,E92000001,2023-03-19,,1000872
nation,England,E92000001,2023-03-20,,1001891
nation,England,E92000001,2023-03-21,,1002956
nation,England,E92000001,2023-03-22,,1003984
nation,England,E92000001,2023-03-23,,1004995
nation,England,E92000001,2023-03-24,6787,1005757
nation,England,E92000001,2023-03-25,,1006487
nation,England,E92000001,2023-03-26,,1007312
nation,England,E92000001,2023-03-27,,1008198
nation,England,E92000001,2023-03-28,,1009132
nation,England,E92000001,2023-03-29,,1010153
nation,England,E92000001,2023-03-30,,1011000
nation,England,E92000001,2023-03-31,5942,1011699
nation,England,E92000001,2023-04-01,,1012417
nation,England,E92000001,2023-04-02,,1013188
nation,England,E92000001,2023-04-03,,1013958
nation,England,E92000001,2023-04-04,,1014744
nation,England,E92000001,2023-04-05,,1015518
nation,England,E92000001,2023-04-06,,1016137
nation,England,E92000001,2023-04-07,4958,1016657
nation,England,E92000001,2023-04-08,,1017183
nation,England,E92000001,2023-04-09,,1017795
nation,England,E92000001,2023-04-10,,1018514
nation,England,E92000001,2023-04-11,,1019237
nation,England,E92000001,2023-04-12,,1019865
nation,England,E92000001,2023-04-13,,1020485
nation,England,E92000001,2023-04-14,4320,1020977
nation,England,E92000001,2023-04-15,,1021486
nation,England,E92000001,2023-04-16,,1022062
nation,England,E92000001,2023-04-17,,1022721
nation,England,E92000001,2023-04-18,,1023278
nation,England,E92000001,2023-04-19,,1023844
nation,England,E92000001,2023-04-20,,1024337
nation,England,E92000001,2023-04-21,3788,1024765
nation,England,E92000001,2023-04-22,,1025176
nation,England,E92000001,2023-04-23,,1025746
nation,England,E92000001,2023-04-24,,1026271
nation,England,E92000001,2023-04-25,,1026782
nation,England,E92000001,2023-04-26,,1027321
nation,England,E92000001,2023-04-27,,1027846
nation,England,E92000001,2023-04-28,3485,1028250
nation,England,E92000001,2023-04-29,,1028644
nation,England,E92000001,2023-04-30,,1029072
nation,England,E92000001,2023-05-01,,1029589
nation,England,E92000001,2023-05-02,,1030094
nation,England,E92000001,2023-05-03,,1030544
nation,England,E92000001,2023-05-04,,1030987
nation,England,E92000001,2023-05-05,3143,1031393
nation,England,E92000001,2023-05-06,,1031775
nation,England,E92000001,2023-05-07,,1032135
nation,England,E92000001,2023-05-08,,1032591
nation,England,E92000001,2023-05-09,,1033048
nation,England,E92000001,2023-05-10,,1033507
nation,England,E92000001,2023-05-11,,1033913
nation,England,E92000001,2023-05-12,2829,1034222
nation,England,E92000001,2023-05-13,,1034493
nation,England,E92000001,2023-05-14,,1034838
nation,England,E92000001,2023-05-15,,1035212
nation,England,E92000001,2023-05-16,,1035595
nation,England,E92000001,2023-05-17,,1035945
nation,England,E92000001,2023-05-18,,1036288
nation,England,E92000001,2023-05-19,2319,1036541
nation,England,E92000001,2023-05-20,,1036788
nation,England,E92000001,2023-05-21,,1037116
nation,England,E92000001,2023-05-22,,1037480
nation,England,E92000001,2023-05-23,,1037861
nation,England,E92000001,2023-05-24,,1038201
nation,England,E92000001,2023-05-25,,1038523
nation,England,E92000001,2023-05-26,2228,1038769
nation,England,E92000001,2023-05-27,,1038988
nation,England,E92000001,2023-05-28,,1039245
nation,England,E92000001,2023-05-29,,1039544
nation,England,E92000001,2023-05-30,,1039861
nation,England,E92000001,2023-05-31,,1040151
nation,England,E92000001,2023-06-01,,1040444
nation,England,E92000001,2023-06-02,1867,1040636
nation,England,E92000001,2023-06-03,,1040813
nation,England,E92000001,2023-06-04,,1041068
nation,England,E92000001,2023-06-05,,1041344
nation,England,E92000001,2023-06-06,,1041634
nation,England,E92000001,2023-06-07,,1041906
nation,England,E92000001,2023-06-08,,1042161
nation,England,E92000001,2023-06-09,1708,1042344
nation,England,E92000001,2023-06-10,,1042524
nation,England,E92000001,2023-06-11,,1042776
nation,England,E92000001,2023-06-12,,1042999
nation,England,E92000001,2023-06-13,,1043245
nation,England,E92000001,2023-06-14,,1043457
nation,England,E92000001,2023-06-15,,1043617
nation,England,E92000001,2023-06-16,1388,1043732
nation,England,E92000001,2023-06-17,,1043856
nation,England,E92000001,2023-06-18,,1044002
nation,England,E92000001,2023-06-19,,1044152
nation,England,E92000001,2023-06-20,,1044319
nation,England,E92000001,2023-06-21,,1044444
nation,England,E92000001,2023-06-22,,1044568
nation,England,E92000001,2023-06-23,916,1044648
nation,England,E92000001,2023-06-24,,1044743
nation,England,E92000001,2023-06-25,,1044845
nation,England,E92000001,2023-06-26,,1044952
nation,England,E92000001,2023-06-27,,1045049
nation,England,E92000001,2023-06-28,,1045170
nation,England,E92000001,2023-06-29,,1045276
nation,England,E92000001,2023-06-30,721,1045369
nation,England,E92000001,2023-07-01,,1045439
nation,England,E92000001,2023-07-02,,1045536
nation,England,E92000001,2023-07-03,,1045651
nation,England,E92000001,2023-07-04,,1045793
nation,England,E92000001,2023-07-05,,1045906
nation,England,E92000001,2023-07-06,,1046026
nation,England,E92000001,2023-07-07,757,1046126
nation,England,E92000001,2023-07-08,,1046238
nation,England,E92000001,2023-07-09,,1046366
nation,England,E92000001,2023-07-10,,1046527
nation,England,E92000001,2023-07-11,,1046684
nation,England,E92000001,2023-07-12,,1046823
nation,England,E92000001,2023-07-13,,1046956
nation,England,E92000001,2023-07-14,931,1047057
nation,England,E92000001,2023-07-15,,1047182
nation,England,E92000001,2023-07-16,,1047314
nation,England,E92000001,2023-07-17,,1047457
nation,England,E92000001,2023-07-18,,1047599
nation,England,E92000001,2023-07-19,,1047783
nation,England,E92000001,2023-07-20,,1047952
nation,England,E92000001,2023-07-21,1027,1048084
nation,England,E92000001,2023-07-22,,1048232
nation,England,E92000001,2023-07-23,,1048435
nation,England,E92000001,2023-07-24,,1048683
nation,England,E92000001,2023-07-25,,1048887
nation,England,E92000001,2023-07-26,,1049097
nation,England,E92000001,2023-07-27,,1049350
nation,England,E92000001,2023-07-28,1437,1049521
nation,England,E92000001,2023-07-29,,1049702
nation,England,E92000001,2023-07-30,,1049995
nation,England,E92000001,2023-07-31,,1050253
nation,England,E92000001,2023-08-01,,1050526
nation,England,E92000001,2023-08-02,,1050819
nation,England,E92000001,2023-08-03,,1051096
nation,England,E92000001,2023-08-04,1804,1051325
nation,England,E92000001,2023-08-05,,1051536
nation,England,E92000001,2023-08-06,,1051845
nation,England,E92000001,2023-08-07,,1052206
nation,England,E92000001,2023-08-08,,1052563
nation,England,E92000001,2023-08-09,,1052899
nation,England,E92000001,2023-08-10,,1053212
nation,England,E92000001,2023-08-11,2147,1053472
nation,England,E92000001,2023-08-12,,1053725
nation,England,E92000001,2023-08-13,,1054094
nation,England,E92000001,2023-08-14,,1054455
nation,England,E92000001,2023-08-15,,1054813
nation,England,E92000001,2023-08-16,,1055148
nation,England,E92000001,2023-08-17,,1055455
nation,England,E92000001,2023-08-18,2254,1055726
nation,England,E92000001,2023-08-19,,1055956
nation,England,E92000001,2023-08-20,,1056296
nation,England,E92000001,2023-08-21,,1056677
nation,England,E92000001,2023-08-22,,1057053
nation,England,E92000001,2023-08-23,,1057386
nation,England,E92000001,2023-08-24,,1057736
nation,England,E92000001,2023-08-25,2282,1058008
nation,England,E92000001,2023-08-26,,1058262
nation,England,E92000001,2023-08-27,,1058547
nation,England,E92000001,2023-08-28,,1058960
nation,England,E92000001,2023-08-29,,1059374
nation,England,E92000001,2023-08-30,,1059821
nation,England,E92000001,2023-08-31,,1060183
nation,England,E92000001,2023-09-01,2535,1060543
nation,England,E92000001,2023-09-02,,1060905
nation,England,E92000001,2023-09-03,,1061441
nation,England,E92000001,2023-09-04,,1061985
nation,England,E92000001,2023-09-05,,1062480
nation,England,E92000001,2023-09-06,,1062973
nation,England,E92000001,2023-09-07,,1063448
nation,England,E92000001,2023-09-08,3287,1063830
nation,England,E92000001,2023-09-09,,1064218
nation,England,E92000001,2023-09-10,,1064669
nation,England,E92000001,2023-09-11,,1065114
nation,England,E92000001,2023-09-12,,1065558
nation,England,E92000001,2023-09-13,,1065923
nation,England,E92000001,2023-09-14,,1066267
nation,England,E92000001,2023-09-15,2766,1066596
nation,England,E92000001,2023-09-16,,1066964
nation,England,E92000001,2023-09-17,,1067406
nation,England,E92000001,2023-09-18,,1067866
nation,England,E92000001,2023-09-19,,1068330
nation,England,E92000001,2023-09-20,,1068801
nation,England,E92000001,2023-09-21,,1069237
nation,England,E92000001,2023-09-22,3060,1069656
nation,England,E92000001,2023-09-23,,1070058
nation,England,E92000001,2023-09-24,,1070584
nation,England,E92000001,2023-09-25,,1071190
nation,England,E92000001,2023-09-26,,1071822
nation,England,E92000001,2023-09-27,,1072441
nation,England,E92000001,2023-09-28,,1073003
nation,England,E92000001,2023-09-29,3830,1073486
nation,England,E92000001,2023-09-30,,1073955
nation,England,E92000001,2023-10-01,,1074620
nation,England,E92000001,2023-10-02,,1075303
nation,England,E92000001,2023-10-03,,1076002
nation,England,E92000001,2023-10-04,,1076627
nation,England,E92000001,2023-10-05,,1077310
nation,England,E92000001,2023-10-06,4312,1077798
nation,England,E92000001,2023-10-07,,1078295
nation,England,E92000001,2023-10-08,,1078952
nation,England,E92000001,2023-10-09,,1079597
nation,England,E92000001,2023-10-10,,1080271
nation,England,E92000001,2023-10-11,,1080822
nation,England,E92000001,2023-10-12,,1081345
nation,England,E92000001,2023-10-13,3969,1081767
nation,England,E92000001,2023-10-14,,1082152
nation,England,E92000001,2023-10-15,,1082673
nation,England,E92000001,2023-10-16,,1083123
nation,England,E92000001,2023-10-17,,1083673
nation,England,E92000001,2023-10-18,,1084222
nation,England,E92000001,2023-10-19,,1084729
nation,England,E92000001,2023-10-20,3378,1085145
nation,England,E92000001,2023-10-21,,1085506
nation,England,E92000001,2023-10-22,,1086024
nation,England,E92000001,2023-10-23,,1086483
nation,England,E92000001,2023-10-24,,1086983
nation,England,E92000001,2023-10-25,,1087411
nation,England,E92000001,2023-10-26,,1087857
nation,England,E92000001,2023-10-27,3062,1088207
nation,England,E92000001,2023-10-28,,1088527
nation,England,E92000001,2023-10-29,,1088890
nation,England,E92000001,2023-10-30,,1089292
nation,England,E92000001,2023-10-31,,1089667
nation,England,E92000001,2023-11-01,,1090045
nation,England,E92000001,2023-11-02,,1090424
nation,England,E92000001,2023-11-03,2506,1090713
nation,England,E92000001,2023-11-04,,1091007
nation,England,E92000001,2023-11-05,,1091369
nation,England,E92000001,2023-11-06,,1091730
nation,England,E92000001,2023-11-07,,1092086
nation,England,E92000001,2023-11-08,,1092424
nation,England,E92000001,2023-11-09,,1092775
nation,England,E92000001,2023-11-10,2300,1093013
nation,England,E92000001,2023-11-11,,1093264
nation,England,E92000001,2023-11-12,,1093567
nation,England,E92000001,2023-11-13,,1093881
nation,England,E92000001,2023-11-14,,1094194
nation,England,E92000001,2023-11-15,,1094510
nation,England,E92000001,2023-11-16,,1094792
nation,England,E92000001,2023-11-17,2012,1095025
nation,England,E92000001,2023-11-18,,1095241
nation,England,E92000001,2023-11-19,,1095522
nation,England,E92000001,2023-11-20,,1095802
nation,England,E92000001,2023-11-21,,1096097
nation,England,E92000001,2023-11-22,,1096388
nation,England,E92000001,2023-11-23,,1096671
nation,England,E92000001,2023-11-24,1877,1096902
nation,England,E92000001,2023-11-25,,1097117
nation,England,E92000001,2023-11-26,,1097419
nation,England,E92000001,2023-11-27,,1097746
nation,England,E92000001,2023-11-28,,1098078
nation,England,E92000001,2023-11-29,,1098402
nation,England,E92000001,2023-11-30,,1098708
nation,England,E92000001,2023-12-01,2061,1098963
nation,England,E92000001,2023-12-02,,1099226
nation,England,E92000001,2023-12-03,,1099606
nation,England,E92000001,2023-12-04,,1100038
nation,England,E92000001,2023-12-05,,1100458
nation,England,E92000001,2023-12-06,,1100913
nation,England,E92000001,2023-12-07,,1101277
nation,England,E92000001,2023-12-08,2622,1101585
